1,Daniela,Palacios,García,20,0,Calle:Tekit Colonia:Acanceh Alcaldia:Tlalpan C.P:14714,Nuevo Amanecer-Cometa-Mundo Educa,El trabajador no tiene ningun proyecto histórico
2,Leonardo,Michaels,Sumner,21,0,Calle: Acazacatongo Colonia:Acazacatongo Alcaldia:Tlalpan C.P:14714,ONG-Cometa-Nuevo Rumbo,El trabajador no tiene ningun proyecto histórico
3,Rodrigo,Davis,Curtis,40,0,Calle:Escollo Colonia:Acueducto 1ra. Sección Alcaldia:Tlalpan C.P:14714,Escuela Global-Flora-Cometa,El trabajador no tiene ningun proyecto histórico
4,Clara,Rivera,Davis,28,1,Calle:Uxmal Colonia:Área de los Venados (La SIREFA) Alcaldia:Tlalpan C.P:14700,Cometa-Flora-Escuela Global,Viaje en el tiempo
5,Nepamuceno,Jackson,Sánchez,48,26,Calle:Granada Colonia:Arenitas Alcaldia:Tlalpan C.P:14906,Nuevo Amanecer-Fauna-Cometa,Sembrando Oportunidades-Convivencia Internacional-Conciencia Colectiva-Cerebros Exploradores-Metro-viendo hacia el futuro-Clonación-Pureza-Calidad de vida-Tecnologia para todos-Aprendizaje Dinamico-Orbia-TerraMar-Mundo Tecnologico-Unidad-Rápido y Eficaz
6,Enrique,Morales,Wilkins,52,15,Calle:Iglesias Colonia:Cañada del Acueducto Alcaldia:Tlalpan C.P:14714,Fauna-Cometa-Flora,Calidad de vida-Orbia-Clonación-Unidad-Pureza-Convivencia Internacional-ProTierra-Paperclip-Tecnologia para todos-Sputnik-Luciernaga
7,Gabriel,Joyce,Morales,62,7,Calle:Villa Ahumada Colonia:Cansacaballos Alcaldia:Tlalpan C.P:14714,ONG-Mundo Educa,Rápido y Eficaz-Don Gato-Clonación-Viaje en el tiempo-Apoyo comunitario-Vuelo al desarrollo
8,Luis,Vázquez,López,50,24,Calle:Loma Bonita Colonia:Casa Solar Alcaldia:Tlalpan C.P:14714,Escuela Global-Cometa,Convivencia Internacional-Viaje en el tiempo-Revolucion Tecnologica-Don Gato-Cerebros Exploradores-Paperclip-Pureza-Orbia-Metro-Vuelo al desarrollo-Ciencia T-TerraMar-Calidad de vida-Club Inclusivo-Rápido y Eficaz-Anticorrupcion-Hazlo Posible-Tecnologia para todos-Teletón-Laguna-Mundo Tecnologico-ProTierra
9,Jordan,Joyce,Hazel,51,21,Calle:Japeto Colonia:Arboledas del Sur Alcaldia:Tlalpan C.P:14376,Mundo Educa-Fauna,Vuelo al desarrollo-Calidad de vida-Integración Familiar-Club Inclusivo-Alimentemos al mundo-Saber más-Teletón-Cerebros Exploradores-Caras Inocentes-viendo hacia el futuro-Conciencia Colectiva-Aprendizaje Dinamico
10,Saul,Flores,Sánchez,36,4,Calle:Roque Estrada Colonia:Belisario domínguez Alcaldia:Tlalpan C.P:14310,Vista hacia el futuro-Flora,Orbia-Integración Familiar-Luciernaga
11,Enrique,Joyce,Skywalker,23,3,Calle:Jardín Colonia: Belisario Domínguez Sección XVI Alcaldia:Tlalpan C.P:14080,Nuevo Rumbo,Club Inclusivo
12,Pedro,Spilberg,Spilberg,54,32,Calle:Carrizal Colonia:Ex Hacienda Coapa Alcaldia:Tlalpan C.P:14308,Flora-Fauna,Caras Inocentes-Reconstruccion-Pureza-Aprendizaje Dinamico-Sputnik-Convivencia Internacional-Langosta-Apoyo comunitario-Ciencia T-Mundo Tecnologico-Laguna-MAGA-Viaje en el tiempo-viendo hacia el futuro-Alimentemos al mundo-Calidad de vida-Luciernaga-TerraMar-Sembrando Oportunidades-Clonación-Rápido y Eficaz-Anticorrupcion-Club Inclusivo-Teletón-Vuelo al desarrollo-Metro-Integración Familiar-Revolucion Tecnologica
13,Sergio,Rivera,Davis,42,22,Calle:Avenida Fuentes Brotantes Colonia:Fuentes Brotantes Alcaldia:Tlalpan C.P:14410,Mundo Educa-Internacional-Nuevo Amanecer,Sembrando Oportunidades-Viaje en el tiempo-CEMEX-Alimentemos al mundo-Teletón-Club Inclusivo-Orbia-Clonación-Rápido y Eficaz-Revolucion Tecnologica-Anticorrupcion-Integración Familiar-Luciernaga-Saber más-Mundo Tecnologico-Cerebros Exploradores-TerraMar-Vuelo al desarrollo-Tecnologia para todos-Hazlo Posible
14,Francisco,Michaels,Díaz,28,7,Calle:Fuente de La Vida Colonia:Fuentes del Pedregal Alcaldia:Tlalpan C.P:14140,Flora-Vista hacia el futuro-Nuevo Amanecer,Paperclip-Aprendizaje Dinamico-Ciencia T-TerraMar-Laguna-Mundo Tecnologico
15,Jordan,Ramírez,Byrne,20,2,Calle:Fuente de La Luz Colonia:Fuentes del Pedregal Alcaldia:Tlalpan C.P:14140,Cometa-Mundo Educa-Nuevo Amanecer,Orbia
16,Sebastian,Rodríguez,Díaz,33,0,Calle:Fuente de Las Estrellas Colonia:Fuentes del Pedregal Alcaldia:Tlalpan C.P:14140,Fauna-Vista hacia el futuro-Cometa,El trabajador no tiene ningun proyecto histórico
17,Lorena,O'Brien,Gómez,20,1,Calle:Fuente del Saber Colonia:Fuentes del Pedregal Alcaldia:Tlalpan C.P:14140,Nuevo Amanecer,Unidad
18,Marco,Ramírez,Pérez,36,6,Calle:Fuente del Tesoro Colonia:Fuentes del Pedregal Alcaldia:Tlalpan C.P:14140,Cometa,ProTierra-Conciencia Colectiva-Aprendizaje Dinamico-TerraMar-Apoyo comunitario-Calidad de vida
19,Gabriel,Joyce,West,27,6,Calle:Fuente del Amor Colonia:Fuentes del Pedregal Alcaldia:Tlalpan C.P:14140,Cometa-ONG-Flora,Hazlo Posible-Ciencia T-Cerebros Exploradores
20,Francisco,Varela,Williams,59,23,Calle:Cañaverales Colonia:Granjas Coapa Alcaldia:Tlalpan C.P:14330,Nuevo Amanecer,Cerebros Exploradores-Anticorrupcion-Pureza-Clonación-viendo hacia el futuro-Conciencia Colectiva-Tecnologia para todos-Integración Familiar-Paperclip-Alimentemos al mundo-Viaje en el tiempo-MAGA-Rápido y Eficaz-Don Gato-Convivencia Internacional-CEMEX-Apoyo comunitario-Saber más-Vuelo al desarrollo
21,Frida,Ramírez,Rickles,55,5,Calle:Cerezos Colonia:Granjas Coapa Alcaldia:Tlalpan C.P:14330,Nuevo Amanecer-Fauna-Nuevo Rumbo,Sembrando Oportunidades-Sputnik-Apoyo comunitario-Orbia
22,Enrique,Morales,Hazel,18,0,Calle:Xochitl Colonia:Fuentes de Tepepan Alcaldia:Tlalpan C.P:14643,Cometa-Escuela Global,El trabajador no tiene ningun proyecto histórico
23,Francisco,Rickles,Sumner,38,5,Calle:La Tortuga Colonia:Fuentes de Tepepan Alcaldia:Tlalpan C.P:14643,Vista hacia el futuro-Flora,Orbia-Apoyo comunitario-Convivencia Internacional-Tecnologia para todos-Aprendizaje Dinamico
24,Saul,Curtis,Rickles,34,3,Calle:Camino Real Al Ajusco Colonia:Fuentes de Tepepan Alcaldia:Tlalpan C.P:14643,ONG-Cometa,Conciencia Colectiva-Alimentemos al mundo
25,Miguel,Sumner,Jones,19,1,Calle:Tecuantitla Colonia:Fuentes de Tepepan Alcaldia:Tlalpan C.P:14643,Cometa,Langosta
26,Saul,Williams,Pérez,60,16,Calle:Fuente El Viejo Colonia:Fuentes de Tepepan Alcaldia:Tlalpan C.P:14643,Vista hacia el futuro-Mundo Educa,MAGA-Ciencia T-Luciernaga-Pureza-La Raza Cósmica-ProTierra-Rápido y Eficaz-Vuelo al desarrollo-Langosta-Tecnologia para todos
27,Ramon,Wilson,Byrne,64,20,Calle:Fuente Liante Colonia:Fuentes de Tepepan Alcaldia:Tlalpan C.P:14643,Flora,ProTierra-La Raza Cósmica-Luciernaga-Orbia-Conciencia Colectiva-Pureza-Hazlo Posible-Don Gato-Caras Inocentes-Ciencia T-Club Inclusivo-Teletón-Tecnologia para todos-Aprendizaje Dinamico-Integración Familiar-Langosta-Saber más-Calidad de vida-Laguna
28,Samantha,Flores,Escañuela,20,1,Calle:Fuentes Bellas Colonia:Fuentes de Tepepan Alcaldia:Tlalpan C.P:14643,Fauna,El trabajador no tiene ningun proyecto histórico
29,Luis,Spilberg,Cruz,45,25,Calle:Belén Colonia:Ex Hacienda San Juan de Dios Alcaldia:Tlalpan C.P:14387,Vista hacia el futuro,La Raza Cósmica-Aprendizaje Dinamico-Langosta-Hazlo Posible-Cerebros Exploradores-Vuelo al desarrollo-Anticorrupcion-Saber más-Clonación-Orbia-CEMEX-Viaje en el tiempo-Mundo Tecnologico-MAGA-Rápido y Eficaz-Club Inclusivo-Caras Inocentes-TerraMar-Calidad de vida-Laguna-Tecnologia para todos-viendo hacia el futuro-Pureza
30,Mateo,Brown,Yañes,51,21,Calle:Colegio de Minería Colonia:Ex Hacienda San Juan de Dios Alcaldia:Tlalpan C.P:14387,Nuevo Rumbo,Teletón-Pureza-Paperclip-Cerebros Exploradores-Hazlo Posible-Unidad-Integración Familiar-Conciencia Colectiva-Calidad de vida-Aprendizaje Dinamico-Alimentemos al mundo-Luciernaga-Metro-Mundo Tecnologico-Sembrando Oportunidades-Tecnologia para todos
31,Annie,Ortiz,Johnson,55,37,Calle:Colegio Niñas Colonia:Ex Hacienda San Juan de Dios Alcaldia:Tlalpan C.P:14387,Nuevo Amanecer-Internacional,Apoyo comunitario-Hazlo Posible-Unidad-MAGA-Mundo Tecnologico-Sembrando Oportunidades-Teletón-Clonación-Calidad de vida-Revolucion Tecnologica-La Raza Cósmica-Pureza-Vuelo al desarrollo-CEMEX-viendo hacia el futuro-TerraMar-Rápido y Eficaz-Conciencia Colectiva-Laguna-Saber más-Metro-Caras Inocentes
32,Luis,Ortiz,Williams,65,37,Calle:Jalpillo Colonia:Ex Hacienda San Juan de Dios Alcaldia:Tlalpan C.P:14387,Escuela Global,Revolucion Tecnologica-viendo hacia el futuro-Orbia-Vuelo al desarrollo-Luciernaga-Hazlo Posible-Calidad de vida-Clonación-Ciencia T-Teletón-TerraMar-Laguna-Sputnik-Aprendizaje Dinamico-Conciencia Colectiva-Viaje en el tiempo-Apoyo comunitario-Reconstruccion-Cerebros Exploradores-Club Inclusivo-ProTierra-CEMEX-Convivencia Internacional-Saber más-Unidad
33,Clara,García,Hazel,63,22,Calle:La Rosa Colonia:Ex Hacienda San Juan de Dios Alcaldia:Tlalpan C.P:14387,Vista hacia el futuro,Tecnologia para todos-Alimentemos al mundo-Paperclip-Revolucion Tecnologica-Pureza-viendo hacia el futuro-Vuelo al desarrollo-Rápido y Eficaz-Ciencia T-Convivencia Internacional-Don Gato-Sembrando Oportunidades-Integración Familiar-Sputnik-Hazlo Posible-Viaje en el tiempo
34,Ramon,García,Davis,54,11,Calle:Enseñanza Colonia:Ex Hacienda San Juan de Dios Alcaldia:Tlalpan C.P:14387,Nuevo Amanecer-Internacional-Cometa,Reconstruccion-Luciernaga-Apoyo comunitario-TerraMar-Saber más-Integración Familiar-Aprendizaje Dinamico-Club Inclusivo-Sputnik-Ciencia T
35,Jesica,Villa,Villa,58,19,Calle:San Camilo Colonia:Ex Hacienda San Juan de Dios Alcaldia:Tlalpan C.P:14387,Nuevo Rumbo-Nuevo Amanecer-Mundo Educa,Calidad de vida-Viaje en el tiempo-Club Inclusivo-Revolucion Tecnologica-Conciencia Colectiva-Don Gato-Apoyo comunitario-La Raza Cósmica-Metro-ProTierra-Pureza-TerraMar
36,Sebastian,Rodríguez,Rourke,41,22,Calle:Lomas del Tianguillo Colonia:El Tianguillo Alcaldia:Tlalpan C.P:14735,Fauna-Escuela Global-Cometa,Integración Familiar-Alimentemos al mundo-Convivencia Internacional-Calidad de vida-Hazlo Posible-CEMEX-La Raza Cósmica-viendo hacia el futuro-TerraMar-Sembrando Oportunidades-MAGA-Don Gato-Metro-Apoyo comunitario-Orbia-Paperclip-Mundo Tecnologico-Vuelo al desarrollo-Langosta-Laguna
37,Saul,Pérez,Reyes,57,7,Calle:Calzada la Palma Colonia:El Tianguillo Alcaldia:Tlalpan C.P:14735,Escuela Global-Fauna,Revolucion Tecnologica-Sputnik-Paperclip-MAGA-Apoyo comunitario-Calidad de vida
38,Grasiela,Rourke,Hernández,38,0,Calle:Calzada de las Flores Colonia:El Tianguillo Alcaldia:Tlalpan C.P:14735,Mundo Educa,El trabajador no tiene ningun proyecto histórico
39,Roque,Almazo,Palacios,62,36,Calle:Tercera Calzada Monte de las Cruces Colonia:El Tianguillo Alcaldia:Tlalpan C.P:14735,Cometa,Orbia-Reconstruccion-Cerebros Exploradores-Clonación-Apoyo comunitario-Viaje en el tiempo-Integración Familiar-Hazlo Posible-ProTierra-Unidad-Club Inclusivo-Calidad de vida-Sembrando Oportunidades-Metro-Anticorrupcion-Langosta-Paperclip-Revolucion Tecnologica-Sputnik-Teletón-MAGA-Saber más-TerraMar-Alimentemos al mundo-Conciencia Colectiva-Pureza-viendo hacia el futuro
40,Sofia,Jackson,García,26,4,Calle:Primera Calzada Encino Colonia:El Tianguillo Alcaldia:Tlalpan C.P:14735,Escuela Global-Nuevo Amanecer,Ciencia T-Apoyo comunitario
41,Miguel,Joyce,Rosillo,33,10,Calle:Melchor Ocampo Colonia:Villa Tlalpan Alcaldia:Tlalpan C.P:14630,Cometa,Ciencia T-Orbia-Apoyo comunitario-Rápido y Eficaz-Sputnik-Integración Familiar-Laguna-Unidad
42,Alejandro,Cruz,Wilson,62,38,Calle:Ejidatarios Colonia:Villa Tlalpan Alcaldia:Tlalpan C.P:14630,Flora-Escuela Global,Orbia-Don Gato-Alimentemos al mundo-Luciernaga-Rápido y Eficaz-Tecnologia para todos-Saber más-Convivencia Internacional-Apoyo comunitario-Ciencia T-ProTierra-viendo hacia el futuro-Unidad-Mundo Tecnologico-Sembrando Oportunidades-Vuelo al desarrollo-Caras Inocentes-Revolucion Tecnologica-Anticorrupcion-Clonación-Hazlo Posible-Langosta-Viaje en el tiempo-Paperclip-Metro-Cerebros Exploradores-Reconstruccion-Integración Familiar-La Raza Cósmica-Teletón-Laguna-Aprendizaje Dinamico-CEMEX-Club Inclusivo-Pureza
43,Enrique,Spilberg,Hazel,34,2,Calle:Antiguo Camino A San Pedro Colonia:Villa Tlalpan Alcaldia:Tlalpan C.P:14630,ONG-Flora,Apoyo comunitario-Clonación
44,Marta,Varela,Yañes,22,0,Calle:Comuneros Colonia:Villa Tlalpan Alcaldia:Tlalpan C.P:14630,Mundo Educa-Nuevo Rumbo-Fauna,El trabajador no tiene ningun proyecto histórico
45,Adrián,Jones,Morales,28,7,Calle:Chabacano Colonia:Vistas del Pedregal Alcaldia:Tlalpan C.P:14737,Internacional-Escuela Global,Mundo Tecnologico-Caras Inocentes-Ciencia T-Conciencia Colectiva
46,Rafael,Reyes,Flores,61,4,Calle:Naranjos Colonia:Vistas del Pedregal Alcaldia:Tlalpan C.P:14737,Escuela Global-Vista hacia el futuro,Anticorrupcion-Vuelo al desarrollo
47,Marco,Brown,Almazo,63,11,Calle:Parcela de Trigo Colonia:Vistas del Pedregal Alcaldia:Tlalpan C.P:14737,Vista hacia el futuro-Mundo Educa,Vuelo al desarrollo-Integración Familiar-Hazlo Posible-Sputnik-Caras Inocentes-Alimentemos al mundo-viendo hacia el futuro-Mundo Tecnologico
48,Antonela,Rodríguez,Joyce,42,21,Calle:Capulín Colonia:Vistas del Pedregal Alcaldia:Tlalpan C.P:14737,Cometa-Nuevo Amanecer-Fauna,Aprendizaje Dinamico-Sputnik-Tecnologia para todos-Rápido y Eficaz-Reconstruccion-Vuelo al desarrollo-Mundo Tecnologico-Integración Familiar-Unidad-Cerebros Exploradores-Orbia-Club Inclusivo-Caras Inocentes-Anticorrupcion-Ciencia T-Langosta-ProTierra
49,Nepamuceno,Sánchez,Cruz,22,3,Calle:Sabinos Colonia:Vistas del Pedregal Alcaldia:Tlalpan C.P:14737,Mundo Educa,Clonación
50,Bastian,Wilkins,Rourke,40,18,Calle:Vista Hermosa Colonia:Vistas del Pedregal Alcaldia:Tlalpan C.P:14737,Fauna-Escuela Global-Nuevo Rumbo,Anticorrupcion-Vuelo al desarrollo-MAGA-Tecnologia para todos-Orbia-Conciencia Colectiva-Sputnik-Laguna-Paperclip-CEMEX-TerraMar
51,Grasiela,Gómez,Morales,35,12,Calle:Totolapan Colonia:Vistas del Pedregal Alcaldia:Tlalpan C.P:14737,Nuevo Rumbo-Escuela Global-ONG,Laguna-Langosta-Club Inclusivo-Convivencia Internacional-Alimentemos al mundo-viendo hacia el futuro-Apoyo comunitario-Unidad-Clonación
52,Gabriel,Byrne,Hazel,46,25,Calle:Vistas de Cuilotepec  Colonia:Vistas del Pedregal Alcaldia:Tlalpan C.P:14737,Nuevo Amanecer-Internacional,Sputnik-Caras Inocentes-Ciencia T-Hazlo Posible-Orbia-Cerebros Exploradores-Metro-Apoyo comunitario-Reconstruccion-Laguna-Pureza-viendo hacia el futuro-Anticorrupcion-Unidad-ProTierra-Sembrando Oportunidades-Integración Familiar-Conciencia Colectiva-Tecnologia para todos
53,Marisol,Rodríguez,García,41,10,Calle:Del Maíz Colonia:Vistas del Pedregal Alcaldia:Tlalpan C.P:14737,Mundo Educa-Cometa,Revolucion Tecnologica-Teletón-Conciencia Colectiva-Viaje en el tiempo-Sputnik-Ciencia T-Orbia
54,Jose,Vázquez,Ramírez,52,15,Calle:Veracruz Colonia:Desarrollo Urbano Alcaldia:Álvaro Obregón C.P:01278,Mundo Educa,TerraMar-Club Inclusivo-Tecnologia para todos-Vuelo al desarrollo-Aprendizaje Dinamico-Mundo Tecnologico-ProTierra-Anticorrupcion-Langosta
55,Luis,Cruz,Vázquez,36,17,Calle:Jalisco Colonia:Desarrollo Urbano Alcaldia:Álvaro Obregón C.P:01278,Internacional-Fauna,Ciencia T-Convivencia Internacional-Luciernaga-Sputnik-Reconstruccion-Anticorrupcion-Paperclip-Teletón-Caras Inocentes-Apoyo comunitario-Aprendizaje Dinamico-Sembrando Oportunidades-CEMEX-Laguna-Conciencia Colectiva-Clonación
56,Luis,González,Flores,54,32,Calle:Puebla Colonia:Desarrollo Urbano Alcaldia:Álvaro Obregón C.P:01278,Internacional-Nuevo Rumbo-Escuela Global,Paperclip-Calidad de vida-Conciencia Colectiva-Saber más-TerraMar-Apoyo comunitario-Mundo Tecnologico-ProTierra-Sputnik-Aprendizaje Dinamico-Vuelo al desarrollo-Rápido y Eficaz-Tecnologia para todos-Luciernaga-Revolucion Tecnologica-Metro-Club Inclusivo-Cerebros Exploradores-Clonación-Integración Familiar-viendo hacia el futuro-Alimentemos al mundo-Don Gato-Caras Inocentes-Hazlo Posible-Laguna-Unidad
57,Daniela,Skywalker,Gutiérrez,61,8,Calle:Oaxaca Colonia:Desarrollo Urbano Alcaldia:Álvaro Obregón C.P:01278,Nuevo Amanecer-Nuevo Rumbo,Metro-Cerebros Exploradores-Apoyo comunitario-Vuelo al desarrollo
58,Grasiela,Anderson,Palacios,21,1,Calle:Durango Colonia:Desarrollo Urbano Alcaldia:Álvaro Obregón C.P:01278,Nuevo Rumbo-Mundo Educa-Nuevo Amanecer,Conciencia Colectiva
59,Jordan,Vázquez,Joyce,43,12,Calle:Nayarit Colonia:Desarrollo Urbano Alcaldia:Álvaro Obregón C.P:01278,Flora,Mundo Tecnologico-Apoyo comunitario-Cerebros Exploradores-Alimentemos al mundo-Hazlo Posible-Club Inclusivo-Revolucion Tecnologica-Clonación
60,Annie,Miller,Rosillo,24,1,Calle:Yucatán Colonia:Desarrollo Urbano Alcaldia:Álvaro Obregón C.P:01278,Flora-Internacional,El trabajador no tiene ningun proyecto histórico
61,Bastian,Rickles,O'Brien,59,14,Calle:Michoacán Colonia:Desarrollo Urbano Alcaldia:Álvaro Obregón C.P:01278,Mundo Educa,Langosta-Laguna-CEMEX-La Raza Cósmica-ProTierra-Caras Inocentes-Sembrando Oportunidades-Reconstruccion-Convivencia Internacional-Metro-Teletón-Conciencia Colectiva-Hazlo Posible-Anticorrupcion
62,Federico,Davis,Flores,59,30,Calle:Pino Colonia:El Árbol Alcaldia:Álvaro Obregón C.P:01250,Mundo Educa-Vista hacia el futuro-Flora,Anticorrupcion-Club Inclusivo-Sputnik-Aprendizaje Dinamico-Ciencia T-Pureza-Caras Inocentes-Vuelo al desarrollo-ProTierra-Don Gato-MAGA-Teletón-Hazlo Posible-Convivencia Internacional-Saber más-Sembrando Oportunidades-CEMEX-Tecnologia para todos
63,Marisol,Rickles,Joyce,59,35,Calle:Pelon Osuna Colonia:El Árbol Alcaldia:Álvaro Obregón C.P:01250,Internacional-Mundo Educa,Pureza-Calidad de vida-CEMEX-Alimentemos al mundo-MAGA-Saber más-Aprendizaje Dinamico-viendo hacia el futuro-Vuelo al desarrollo-Clonación-Metro-Reconstruccion-Sputnik-Rápido y Eficaz-Mundo Tecnologico-Conciencia Colectiva-Orbia-Teletón-La Raza Cósmica-Caras Inocentes-Revolucion Tecnologica-Paperclip-Laguna-Convivencia Internacional-Anticorrupcion-Luciernaga
64,Miguel,Morales,Cruz,36,14,Calle:Trueno Colonia:El Árbol Alcaldia:Álvaro Obregón C.P:01250,Flora,Don Gato-Integración Familiar-Laguna-Rápido y Eficaz-Anticorrupcion-Ciencia T-Clonación-TerraMar-Revolucion Tecnologica-Calidad de vida-CEMEX
65,Saul,Díaz,Joyce,56,26,Calle:De Las Presas Colonia:El Tejocote Alcaldia:Álvaro Obregón C.P:01270,Nuevo Amanecer-Flora-Nuevo Rumbo,Viaje en el tiempo-Revolucion Tecnologica-Paperclip-Convivencia Internacional-Hazlo Posible-Laguna-Saber más-Langosta-CEMEX-Tecnologia para todos-Calidad de vida-Apoyo comunitario-Caras Inocentes-Sembrando Oportunidades-Unidad-Cerebros Exploradores-Sputnik-MAGA-Rápido y Eficaz-Vuelo al desarrollo-Integración Familiar
66,Clara,Villa,Reyes,53,32,Calle:Tejocote Colonia:El Tejocote Alcaldia:Álvaro Obregón C.P:01270,Nuevo Amanecer-Internacional,MAGA-Rápido y Eficaz-Orbia-viendo hacia el futuro-Clonación-Aprendizaje Dinamico-ProTierra-Cerebros Exploradores-Langosta-CEMEX-Viaje en el tiempo-La Raza Cósmica-Calidad de vida-Reconstruccion-Don Gato-Sputnik-Convivencia Internacional-Anticorrupcion-Caras Inocentes-Paperclip-Tecnologia para todos
67,Luis,Xu,Xu,62,0,Calle:Iztaccihuatl Colonia:Florida Alcaldia:Álvaro Obregón C.P:01030,Nuevo Rumbo-Cometa-Nuevo Amanecer,El trabajador no tiene ningun proyecto histórico
68,Sofia,Morrissey,Rourke,62,35,Calle:Camelia Colonia:Florida Alcaldia:Álvaro Obregón C.P:01030,Escuela Global-Mundo Educa,Pureza-Reconstruccion-Ciencia T-Revolucion Tecnologica-Langosta-Paperclip-La Raza Cósmica-MAGA-Anticorrupcion-Tecnologia para todos-TerraMar-Convivencia Internacional-viendo hacia el futuro-Alimentemos al mundo-ProTierra-Metro-Aprendizaje Dinamico-Laguna-Sembrando Oportunidades-Don Gato-Cerebros Exploradores-Hazlo Posible-Viaje en el tiempo
69,Gabriel,Rodríguez,Cruz,64,7,Calle:Hortensia Colonia:Florida Alcaldia:Álvaro Obregón C.P:01030,Cometa-Mundo Educa-Nuevo Amanecer,Luciernaga-Teletón-Viaje en el tiempo-viendo hacia el futuro-Pureza-Alimentemos al mundo-Tecnologia para todos
70,Samantha,García,López,42,15,Calle:Encanto Colonia:Florida Alcaldia:Álvaro Obregón C.P:01030,Flora,Langosta-Revolucion Tecnologica-Tecnologia para todos-Metro-Saber más-Teletón-Calidad de vida-Reconstruccion-Integración Familiar
71,Antonela,Villa,Jones,63,42,Calle:Margaritas Colonia:Florida Alcaldia:Álvaro Obregón C.P:01030,Vista hacia el futuro-Fauna-Mundo Educa,Calidad de vida-Reconstruccion-Caras Inocentes-Cerebros Exploradores-Integración Familiar-CEMEX-Mundo Tecnologico-Ciencia T-Orbia-Tecnologia para todos-Metro-Laguna-Sputnik-Luciernaga-Apoyo comunitario-Teletón-Unidad-ProTierra-Pureza-Don Gato-Convivencia Internacional-Paperclip-Anticorrupcion-Langosta-Vuelo al desarrollo-Clonación-La Raza Cósmica-Conciencia Colectiva-Alimentemos al mundo-MAGA-Viaje en el tiempo-Club Inclusivo-Saber más-TerraMar-Hazlo Posible-Rápido y Eficaz-Sembrando Oportunidades
72,Mateo,Davis,Mao,36,18,Calle:Tecoyotitla Colonia:Florida Alcaldia:Álvaro Obregón C.P:01030,Mundo Educa,Paperclip-Langosta-Sputnik-Revolucion Tecnologica-Clonación-Orbia-Aprendizaje Dinamico-Apoyo comunitario-Cerebros Exploradores-Ciencia T-Rápido y Eficaz
73,Gabriel,Hazel,Anderson,25,2,Calle:Vito Alessio Robles Colonia:Florida Alcaldia:Álvaro Obregón C.P:01030,Fauna-Escuela Global-Mundo Educa,ProTierra
74,Federico,Morales,Rivera,47,8,Calle:Grullas Colonia:Golondrinas Alcaldia:Álvaro Obregón C.P:01270,Internacional-Cometa-Fauna,TerraMar-Club Inclusivo-Convivencia Internacional-Anticorrupcion-Apoyo comunitario-Sputnik
75,Lorena,Brown,Rosillo,21,0,Calle:Gaviotas Colonia:Golondrinas Alcaldia:Álvaro Obregón C.P:01270,Internacional,El trabajador no tiene ningun proyecto histórico
76,Marta,Hernández,García,33,4,Calle:Pingüinos Colonia:Golondrinas Alcaldia:Álvaro Obregón C.P:01270,ONG-Vista hacia el futuro,Apoyo comunitario-Paperclip-Alimentemos al mundo-Integración Familiar
77,Pedro,Yorke,Brown,48,24,Calle:Águilas Colonia:Golondrinas Alcaldia:Álvaro Obregón C.P:01270,Nuevo Amanecer,Orbia-Alimentemos al mundo-CEMEX-Unidad-Don Gato-Luciernaga-Tecnologia para todos-Clonación-Cerebros Exploradores-Sputnik-Ciencia T-Caras Inocentes-Metro-Pureza-Apoyo comunitario-Reconstruccion-Paperclip-Aprendizaje Dinamico-Convivencia Internacional-Club Inclusivo-Integración Familiar
78,Grasiela,Xu,Hernández,21,2,Calle:Guacamaya Colonia:Golondrinas Alcaldia:Álvaro Obregón C.P:01270,Cometa-Vista hacia el futuro,El trabajador no tiene ningun proyecto histórico
79,Roque,Jackson,Skywalker,23,0,Calle:Quetzal Colonia:Golondrinas Alcaldia:Álvaro Obregón C.P:01270,Cometa-Vista hacia el futuro-Flora,El trabajador no tiene ningun proyecto histórico
80,Rafael,Rodríguez,Almazo,38,15,Calle:Pericos Colonia:Golondrinas Alcaldia:Álvaro Obregón C.P:01270,Flora-Nuevo Rumbo,Revolucion Tecnologica-Luciernaga-Don Gato-Sputnik-Clonación-viendo hacia el futuro-Laguna-Teletón-Tecnologia para todos
81,Pedro,Almazo,Yañes,50,30,Calle:Ocotillo Colonia:Alcantarilla Alcaldia:Álvaro Obregón C.P:01729,Nuevo Rumbo,Viaje en el tiempo-Reconstruccion-MAGA-Teletón-Metro-Pureza-Cerebros Exploradores-Aprendizaje Dinamico-Calidad de vida-ProTierra-Apoyo comunitario-Anticorrupcion-Club Inclusivo-Ciencia T-Sputnik-Paperclip-Vuelo al desarrollo-Clonación-Alimentemos al mundo-CEMEX-Langosta
82,Alejandro,Mao,Torres,27,7,Calle:Avenida Toluca Colonia:Alcantarilla Alcaldia:Álvaro Obregón C.P:01729,Internacional-Mundo Educa,Aprendizaje Dinamico-CEMEX-Don Gato-Vuelo al desarrollo-Anticorrupcion
83,Mateo,Almazo,Morrissey,21,0,Calle:Laguna Colonia:Ampliación Alpes Alcaldia:Álvaro Obregón C.P:01710,Escuela Global-Flora-Nuevo Rumbo,El trabajador no tiene ningun proyecto histórico
84,Sergio,Varela,Yorke,60,40,Calle:Mar Colonia:Ampliación Alpes Alcaldia:Álvaro Obregón C.P:01710,Cometa-Flora-Mundo Educa,Viaje en el tiempo-Unidad-Rápido y Eficaz-Conciencia Colectiva-CEMEX-Sputnik-Pureza-Club Inclusivo-Teletón-Paperclip-Tecnologia para todos-ProTierra-Alimentemos al mundo-Metro-Clonación-Revolucion Tecnologica-Mundo Tecnologico-Anticorrupcion-La Raza Cósmica-Vuelo al desarrollo-Caras Inocentes-Cerebros Exploradores-Langosta-Aprendizaje Dinamico-Integración Familiar-Ciencia T-Apoyo comunitario-Saber más-Convivencia Internacional-viendo hacia el futuro-Hazlo Posible-Luciernaga-MAGA-Calidad de vida-TerraMar-Orbia-Reconstruccion-Laguna
85,Samantha,Greenwood,Gutiérrez,33,8,Calle:Embocadura Colonia:Ampliación Alpes Alcaldia:Álvaro Obregón C.P:01710,Fauna-Flora-Vista hacia el futuro,Hazlo Posible-Paperclip-Alimentemos al mundo-Integración Familiar
86,Mateo,O'Brien,Sánchez,42,4,Calle:Raudal Colonia:Ampliación Alpes Alcaldia:Álvaro Obregón C.P:01710,Vista hacia el futuro,Integración Familiar-Clonación
87,Matias,Spilberg,West,28,8,Calle:Costa Colonia:Ampliación Alpes Alcaldia:Álvaro Obregón C.P:01710,Cometa-Mundo Educa,Anticorrupcion-Vuelo al desarrollo-Integración Familiar-Cerebros Exploradores-ProTierra
88,Samantha,Anderson,Flores,27,1,Calle:Cedros Colonia:El Rincón Alcaldia:Álvaro Obregón C.P:01590,Cometa,Sputnik
89,Mateo,Reyes,Reyes,61,43,Calle:Coacota Colonia:Zenón Delgado Alcaldia:Álvaro Obregón C.P:01220,ONG-Fauna-Flora,Ciencia T-Integración Familiar-Hazlo Posible-Luciernaga-Aprendizaje Dinamico-Revolucion Tecnologica-ProTierra-Sembrando Oportunidades-Unidad-Don Gato-Mundo Tecnologico-Reconstruccion-Apoyo comunitario-Viaje en el tiempo-Pureza-Conciencia Colectiva-Paperclip-Teletón-Orbia-Anticorrupcion-CEMEX-Convivencia Internacional-Metro-Sputnik-Alimentemos al mundo-Club Inclusivo-Clonación-La Raza Cósmica-Langosta-viendo hacia el futuro-Vuelo al desarrollo
90,Bastian,Rourke,Johnson,53,14,Calle:Coscapa Colonia:Zenón Delgado Alcaldia:Álvaro Obregón C.P:01220,Flora-ONG-Vista hacia el futuro,Ciencia T-Integración Familiar-Sembrando Oportunidades-Laguna-Cerebros Exploradores-Conciencia Colectiva-Langosta-MAGA-Luciernaga-Revolucion Tecnologica-CEMEX
91,Martin,Jones,Morales,22,2,Calle:Jáltipan Colonia:Zenón Delgado Alcaldia:Álvaro Obregón C.P:01220,Cometa-Vista hacia el futuro-Fauna,Caras Inocentes-CEMEX
92,Marisol,Gutiérrez,Brown,20,1,Calle:Polacos Colonia:Zenón Delgado Alcaldia:Álvaro Obregón C.P:01220,Escuela Global-Flora,El trabajador no tiene ningun proyecto histórico
93,Rafael,Flores,Almazo,45,15,Calle:Avenida Luis Yuren Colonia:El Risco C.T.M. Alcaldia:Gustavo A. Madero C.P:07090,Vista hacia el futuro-Nuevo Rumbo-ONG,Apoyo comunitario-Mundo Tecnologico-Sembrando Oportunidades-Reconstruccion-Sputnik-Calidad de vida-Conciencia Colectiva-CEMEX-Don Gato-Integración Familiar-Anticorrupcion-Paperclip-Tecnologia para todos-Aprendizaje Dinamico
94,Luis,Sumner,Ortiz,57,1,Calle:Avenida Enrique Torres Calderón Colonia:El Risco C.T.M. Alcaldia:Gustavo A. Madero C.P:07090,Mundo Educa-Nuevo Amanecer,El trabajador no tiene ningun proyecto histórico
95,Francisco,Rosillo,Martínez,62,24,Calle:Vicente García González  Colonia:El Risco C.T.M. Alcaldia:Gustavo A. Madero C.P:07090,Nuevo Amanecer-Nuevo Rumbo-Internacional,TerraMar-Convivencia Internacional-MAGA-Unidad-Caras Inocentes-Ciencia T-Cerebros Exploradores-CEMEX-Metro-Anticorrupcion-Vuelo al desarrollo-Integración Familiar-Luciernaga-Conciencia Colectiva-ProTierra
96,Federico,Torres,Villa,64,39,Calle:Hermilo Heredia Colonia:El Risco C.T.M. Alcaldia:Gustavo A. Madero C.P:07090,Nuevo Rumbo-ONG-Mundo Educa,TerraMar-Mundo Tecnologico-Sembrando Oportunidades-Aprendizaje Dinamico-Langosta-Unidad-Metro-Viaje en el tiempo-Conciencia Colectiva-Luciernaga-MAGA-Calidad de vida-Tecnologia para todos-Rápido y Eficaz-Don Gato-Revolucion Tecnologica-Laguna-Sputnik-viendo hacia el futuro-Cerebros Exploradores-Reconstruccion-Paperclip-Ciencia T-Alimentemos al mundo-Anticorrupcion-La Raza Cósmica-Pureza-Club Inclusivo-Integración Familiar-Teletón-Clonación-Vuelo al desarrollo-Convivencia Internacional-CEMEX-Apoyo comunitario
97,Sebastian,Curtis,Morrissey,55,16,Calle:Roberto Gómez Muñoz Colonia:El Risco C.T.M. Alcaldia:Gustavo A. Madero C.P:07090,Mundo Educa-Cometa-Fauna,Pureza-Laguna-Vuelo al desarrollo-MAGA-Club Inclusivo-Sembrando Oportunidades-Reconstruccion-Mundo Tecnologico-viendo hacia el futuro-La Raza Cósmica-Conciencia Colectiva-Unidad
98,Saul,Flores,Reyes,63,7,Calle:Lindavista Colonia:Lindavista Norte Alcaldia:Gustavo A. Madero C.P:07300,Mundo Educa-ONG,Luciernaga-Viaje en el tiempo-Orbia-Metro-Saber más-Langosta
99,Antonela,Smith,Hernández,20,1,Calle:Sierravista Colonia:Lindavista Norte Alcaldia:Gustavo A. Madero C.P:07300,Nuevo Amanecer-Nuevo Rumbo-ONG,viendo hacia el futuro
100,Angel,Rodríguez,Vázquez,51,17,Calle:Manizales Colonia:Lindavista Norte Alcaldia:Gustavo A. Madero C.P:07300,ONG-Nuevo Amanecer,Revolucion Tecnologica-Calidad de vida-Teletón-Ciencia T-Orbia-Luciernaga-MAGA-Sembrando Oportunidades-Mundo Tecnologico-Metro-Cerebros Exploradores-Tecnologia para todos-Clonación-Integración Familiar-Club Inclusivo
101,Lorena,Almazo,Jones,53,30,Calle:Quito Colonia:Lindavista Norte Alcaldia:Gustavo A. Madero C.P:07300,Nuevo Rumbo,Laguna-Hazlo Posible-Sembrando Oportunidades-Calidad de vida-Alimentemos al mundo-Integración Familiar-Clonación-Tecnologia para todos-Metro-Aprendizaje Dinamico-Caras Inocentes-TerraMar-Cerebros Exploradores-Ciencia T-Sputnik-Conciencia Colectiva-Luciernaga-Convivencia Internacional-Saber más-Reconstruccion-Club Inclusivo-Anticorrupcion
102,Leonardo,Xu,Joyce,58,34,Calle:Matanzas Colonia:Lindavista Norte Alcaldia:Gustavo A. Madero C.P:07300,ONG-Mundo Educa,Luciernaga-Convivencia Internacional-Caras Inocentes-Apoyo comunitario-Pureza-La Raza Cósmica-Viaje en el tiempo-Sembrando Oportunidades-Don Gato-Mundo Tecnologico-Metro-Sputnik-ProTierra-Anticorrupcion-Langosta-Tecnologia para todos-Alimentemos al mundo-TerraMar-Cerebros Exploradores-Ciencia T-Vuelo al desarrollo-Clonación-MAGA-Laguna-Teletón-viendo hacia el futuro-Calidad de vida
103,Clara,Xu,Rivera,48,29,Calle:Cinefuegos Colonia:Lindavista Norte Alcaldia:Gustavo A. Madero C.P:07300,Nuevo Amanecer-Fauna-Cometa,Alimentemos al mundo-Paperclip-ProTierra-Ciencia T-CEMEX-Viaje en el tiempo-Caras Inocentes-Laguna-Conciencia Colectiva-Revolucion Tecnologica-Sembrando Oportunidades-Convivencia Internacional-Saber más-Unidad-Pureza-viendo hacia el futuro-Reconstruccion-Calidad de vida-Sputnik-Rápido y Eficaz-Clonación-Mundo Tecnologico-Luciernaga-Cerebros Exploradores
104,Miguel,Reyes,Palacios,42,5,Calle:Cuzco Colonia:Lindavista Norte Alcaldia:Gustavo A. Madero C.P:07300,Nuevo Rumbo-Flora-Vista hacia el futuro,Mundo Tecnologico-Metro-Laguna-Conciencia Colectiva-CEMEX
105,Marco,Johnson,Mao,47,28,Calle:Lima Colonia:Lindavista Norte Alcaldia:Gustavo A. Madero C.P:07300,Vista hacia el futuro-Nuevo Amanecer-Cometa,Viaje en el tiempo-Apoyo comunitario-Reconstruccion-Club Inclusivo-Calidad de vida-Revolucion Tecnologica-Hazlo Posible-Metro-Saber más-Vuelo al desarrollo-ProTierra-Caras Inocentes-Pureza-Sputnik-CEMEX-Luciernaga-Orbia-Cerebros Exploradores-Unidad-Langosta-Mundo Tecnologico-TerraMar-Convivencia Internacional
106,Jose,Curtis,Gutiérrez,59,26,Calle:Latacunga Colonia:Lindavista Norte Alcaldia:Gustavo A. Madero C.P:07300,Flora,La Raza Cósmica-Sembrando Oportunidades-Integración Familiar-Metro-Caras Inocentes-CEMEX-Reconstruccion-Vuelo al desarrollo-Convivencia Internacional-Orbia-Club Inclusivo-Unidad-ProTierra-Calidad de vida-Don Gato-Conciencia Colectiva-Hazlo Posible-Anticorrupcion-Saber más
107,Ramon,Miller,Varela,43,4,Calle:Coquimbo Colonia:Lindavista Norte Alcaldia:Gustavo A. Madero C.P:07300,ONG-Nuevo Amanecer,viendo hacia el futuro-Hazlo Posible-Viaje en el tiempo
108,Mateo,Morrissey,Torres,29,6,Calle:Penambuco Colonia:Lindavista Norte Alcaldia:Gustavo A. Madero C.P:07300,Flora,Metro-Sembrando Oportunidades-Laguna-Integración Familiar
109,Roque,Yañes,Miller,18,0,Calle:Callao Colonia:Lindavista Norte Alcaldia:Gustavo A. Madero C.P:07300,Vista hacia el futuro,El trabajador no tiene ningun proyecto histórico
110,Annie,Flores,Cruz,35,4,Calle:Cali Colonia:Lindavista Norte Alcaldia:Gustavo A. Madero C.P:07300,ONG,Revolucion Tecnologica-Cerebros Exploradores-Metro-Orbia
111,Roque,Díaz,Rodríguez,39,11,Calle:Piura Colonia:Lindavista Sur Alcaldia:Gustavo A. Madero C.P:07300,Escuela Global-Nuevo Rumbo-Nuevo Amanecer,TerraMar-Viaje en el tiempo-Metro-Sputnik-Reconstruccion-Apoyo comunitario-Alimentemos al mundo-Tecnologia para todos-Vuelo al desarrollo
112,Francisco,González,Quintero,25,1,Calle:Eten Colonia:Lindavista Sur Alcaldia:Gustavo A. Madero C.P:07300,Nuevo Amanecer,El trabajador no tiene ningun proyecto histórico
113,Ramon,Skywalker,Williams,21,2,Calle:Recife Colonia:Lindavista Sur Alcaldia:Gustavo A. Madero C.P:07300,Flora-Cometa,El trabajador no tiene ningun proyecto histórico
114,Matias,Rourke,Rosillo,19,1,Calle:Natal Colonia:Lindavista Sur Alcaldia:Gustavo A. Madero C.P:07300,Vista hacia el futuro-Flora,Calidad de vida
115,Grasiela,Wilson,Hazel,20,2,Calle:Payta Colonia:Lindavista Sur Alcaldia:Gustavo A. Madero C.P:07300,Nuevo Amanecer-Cometa-ONG,Langosta-Unidad
116,Daniela,Gutiérrez,Williams,54,34,Calle:Trujillo Colonia:Lindavista Sur Alcaldia:Gustavo A. Madero C.P:07300,Nuevo Amanecer-Nuevo Rumbo-Escuela Global,Viaje en el tiempo-Integración Familiar-Anticorrupcion-Langosta-Conciencia Colectiva-Pureza-Mundo Tecnologico-Sembrando Oportunidades-Tecnologia para todos-Cerebros Exploradores-Apoyo comunitario-Ciencia T-Caras Inocentes-CEMEX-Orbia-Teletón-Aprendizaje Dinamico-Sputnik-TerraMar-Calidad de vida-Revolucion Tecnologica-Vuelo al desarrollo-Convivencia Internacional-Hazlo Posible-Metro-Alimentemos al mundo-Reconstruccion-Rápido y Eficaz
117,Kytzia,Xu,Reyes,52,18,Calle:Chosica Colonia:Lindavista Sur Alcaldia:Gustavo A. Madero C.P:07300,Escuela Global,Reconstruccion-Sembrando Oportunidades-Paperclip-Pureza-Unidad-Orbia-Anticorrupcion-Alimentemos al mundo-Calidad de vida-Rápido y Eficaz-Clonación-CEMEX-Ciencia T-viendo hacia el futuro-Vuelo al desarrollo
118,Alejandro,Hernández,Palacios,33,6,Calle:Uranio Colonia:Nueva Industrial Vallejo Alcaldia:Gustavo A. Madero C.P:07700,Fauna,Hazlo Posible-Aprendizaje Dinamico-Anticorrupcion-Don Gato
119,Grasiela,Escañuela,Williams,46,14,Calle:Everest Colonia:Lomas de Cuautepec Alcaldia:Gustavo A. Madero C.P:07110,Internacional-Vista hacia el futuro,Ciencia T-Rápido y Eficaz-Revolucion Tecnologica-Pureza-Anticorrupcion-Integración Familiar-Saber más-Viaje en el tiempo-viendo hacia el futuro
120,Grasiela,Michaels,Rodríguez,25,4,Calle:Fujiyama Colonia:Lomas de Cuautepec Alcaldia:Gustavo A. Madero C.P:07110,ONG-Flora,Vuelo al desarrollo-Laguna-Club Inclusivo
121,Sebastian,Jones,Smith,51,15,Calle:Popocatépetl Colonia:Lomas de Cuautepec Alcaldia:Gustavo A. Madero C.P:07110,Cometa-Internacional-Mundo Educa,La Raza Cósmica-MAGA-Anticorrupcion-TerraMar-Calidad de vida-Unidad-Integración Familiar-Laguna-Viaje en el tiempo-Club Inclusivo-Aprendizaje Dinamico-Hazlo Posible-ProTierra
122,Anastasio,Pérez,Greenwood,62,18,Calle:Krakatoa Colonia:Lomas de Cuautepec Alcaldia:Gustavo A. Madero C.P:07110,Flora-Fauna,Apoyo comunitario-Reconstruccion-Anticorrupcion-Langosta-Viaje en el tiempo-Clonación-CEMEX-Laguna-Integración Familiar-Aprendizaje Dinamico-MAGA-Saber más
123,Matias,Cruz,Varela,38,5,Calle:Paricutín Colonia:Lomas de Cuautepec Alcaldia:Gustavo A. Madero C.P:07110,Nuevo Rumbo-Internacional,Revolucion Tecnologica-Conciencia Colectiva-Apoyo comunitario-Anticorrupcion-Clonación
124,Martin,Smith,Spilberg,45,24,Calle:Lombardini Colonia:Martín Carrera Alcaldia:Gustavo A. Madero C.P:07070,Escuela Global,Caras Inocentes-Aprendizaje Dinamico-TerraMar-Langosta-Unidad-Convivencia Internacional-Teletón-Rápido y Eficaz-Integración Familiar-Sembrando Oportunidades-Orbia-La Raza Cósmica-Clonación-Mundo Tecnologico-Cerebros Exploradores-Apoyo comunitario-Hazlo Posible-Club Inclusivo-CEMEX
125,Sergio,Pérez,Cruz,55,11,Calle:General Miguel Miramón Colonia:Martín Carrera Alcaldia:Gustavo A. Madero C.P:07070,Escuela Global-Fauna,Calidad de vida-Integración Familiar-Luciernaga-Anticorrupcion-Hazlo Posible-Ciencia T
126,Grasiela,Escañuela,Smith,35,12,Calle:Melchor Muzquiz Colonia:Martín Carrera Alcaldia:Gustavo A. Madero C.P:07070,Mundo Educa-Cometa-Fauna,Hazlo Posible-La Raza Cósmica-Anticorrupcion-Caras Inocentes-Viaje en el tiempo-CEMEX-Pureza-Orbia-MAGA-Rápido y Eficaz-Saber más
127,Marta,Rivera,Wilson,63,4,Calle:Avenida General Martín Carrera Colonia:Martín Carrera Alcaldia:Gustavo A. Madero C.P:07070,Nuevo Amanecer-Internacional-Mundo Educa,La Raza Cósmica-viendo hacia el futuro-Saber más-Hazlo Posible
128,Roque,Rodríguez,Michaels,32,11,Calle:José Joaquín Herrera Colonia:Martín Carrera Alcaldia:Gustavo A. Madero C.P:07070,ONG-Nuevo Amanecer-Cometa,Revolucion Tecnologica-MAGA-La Raza Cósmica-Calidad de vida-Viaje en el tiempo-Unidad-Laguna-Teletón-Reconstruccion-Apoyo comunitario-Clonación
129,Grasiela,O'Brien,Cruz,43,18,Calle:Caracas Colonia:Torres Lindavista Alcaldia:Gustavo A. Madero C.P:07708,Internacional-Mundo Educa,Luciernaga-TerraMar-Hazlo Posible-Sputnik-Apoyo comunitario-Paperclip-Reconstruccion-Tecnologia para todos-Alimentemos al mundo-Conciencia Colectiva-Sembrando Oportunidades-ProTierra-Rápido y Eficaz-Don Gato-La Raza Cósmica-Viaje en el tiempo-Ciencia T-Clonación
130,Annie,Rodríguez,Hernández,46,17,Calle:Cunagua Colonia:Torres Lindavista Alcaldia:Gustavo A. Madero C.P:07708,Internacional-Nuevo Amanecer,viendo hacia el futuro-Pureza-La Raza Cósmica-Apoyo comunitario-Saber más-Hazlo Posible-Conciencia Colectiva-Aprendizaje Dinamico-Laguna-Anticorrupcion-TerraMar
131,Jose,Sánchez,Rourke,43,24,Calle:Guantánamo Colonia:Torres Lindavista Alcaldia:Gustavo A. Madero C.P:07708,Flora,ProTierra-Anticorrupcion-Paperclip-Club Inclusivo-Cerebros Exploradores-Conciencia Colectiva-Luciernaga-Revolucion Tecnologica-Vuelo al desarrollo-Integración Familiar-Alimentemos al mundo-Metro-viendo hacia el futuro-Sembrando Oportunidades-Sputnik-La Raza Cósmica-Saber más-Aprendizaje Dinamico-Caras Inocentes-Calidad de vida-Mundo Tecnologico
132,Gabriel,Ortiz,Mao,60,28,Calle:Marianao Colonia:Torres Lindavista Alcaldia:Gustavo A. Madero C.P:07708,Internacional,Clonación-Mundo Tecnologico-Sputnik-Tecnologia para todos-Calidad de vida-Metro-La Raza Cósmica-Rápido y Eficaz-Club Inclusivo-Saber más-Viaje en el tiempo-Langosta-MAGA-TerraMar-Anticorrupcion-Ciencia T-Teletón-Sembrando Oportunidades-Paperclip-ProTierra-Laguna-Apoyo comunitario-Unidad
133,Luis,Rodríguez,Michaels,41,15,Calle:Sucre Sur Colonia:Torres Lindavista Alcaldia:Gustavo A. Madero C.P:07708,Fauna,Aprendizaje Dinamico-Sembrando Oportunidades-Club Inclusivo-Reconstruccion-Conciencia Colectiva-Tecnologia para todos-Saber más-Viaje en el tiempo-Luciernaga-Clonación
134,Luis,Miller,Miller,52,3,Calle:Sucre Norte Colonia:Torres Lindavista Alcaldia:Gustavo A. Madero C.P:07708,Vista hacia el futuro,Pureza-Orbia
135,Luis,Smith,Johnson,59,5,Calle:Caravelas Colonia:Torres Lindavista Alcaldia:Gustavo A. Madero C.P:07708,Cometa-Nuevo Rumbo,Revolucion Tecnologica-TerraMar-Rápido y Eficaz
136,Leonardo,Jackson,Curtis,52,31,Calle:Porto Alegre Colonia:Torres Lindavista Alcaldia:Gustavo A. Madero C.P:07708,Nuevo Amanecer-ONG-Vista hacia el futuro,Rápido y Eficaz-Ciencia T-Laguna-Orbia-Reconstruccion-Pureza-La Raza Cósmica-Anticorrupcion-Saber más-ProTierra-Vuelo al desarrollo-Conciencia Colectiva-CEMEX-Aprendizaje Dinamico-Cerebros Exploradores-viendo hacia el futuro-Mundo Tecnologico-Paperclip-TerraMar-Alimentemos al mundo-Integración Familiar-Metro-Sembrando Oportunidades-Luciernaga-Don Gato-Revolucion Tecnologica-Hazlo Posible-Calidad de vida-Langosta-Sputnik
137,Matias,Rivera,Williams,60,13,Calle:Avenida Ricarte Colonia:Tepeyac Insurgentes Alcaldia:Gustavo A. Madero C.P:07020,ONG-Nuevo Rumbo,Sputnik-Convivencia Internacional-Club Inclusivo-Cerebros Exploradores-Unidad-Saber más-Paperclip-Aprendizaje Dinamico-Langosta
138,Francisco,Rodríguez,Spilberg,48,8,Calle:Avenida la Fortuna Colonia:Tepeyac Insurgentes Alcaldia:Gustavo A. Madero C.P:07020,Internacional-Mundo Educa-Vista hacia el futuro,Paperclip-Club Inclusivo-viendo hacia el futuro-Caras Inocentes-ProTierra-La Raza Cósmica-Calidad de vida-Alimentemos al mundo
139,Rafael,Johnson,West,29,11,Calle:Montiel Colonia:Tepeyac Insurgentes Alcaldia:Gustavo A. Madero C.P:07020,Mundo Educa-Fauna,Langosta-MAGA-Reconstruccion-Ciencia T-Calidad de vida-Metro-Unidad
140,Rafael,Mao,Johnson,56,20,Calle:Ticoman Colonia:Tepeyac Insurgentes Alcaldia:Gustavo A. Madero C.P:07020,Escuela Global,Unidad-Reconstruccion-Langosta-Viaje en el tiempo-ProTierra-Conciencia Colectiva-Clonación-Metro-viendo hacia el futuro-Tecnologia para todos-Club Inclusivo-Caras Inocentes
141,Rodrigo,O'Brien,Hazel,43,10,Calle:Calle Garrido Colonia:Tepeyac Insurgentes Alcaldia:Gustavo A. Madero C.P:07020,Fauna,Hazlo Posible-MAGA-ProTierra-Paperclip-Unidad-Metro-TerraMar
142,Gabriel,Reyes,García,21,2,Calle:Unión Colonia:Tepeyac Insurgentes Alcaldia:Gustavo A. Madero C.P:07020,Mundo Educa-Nuevo Rumbo,El trabajador no tiene ningun proyecto histórico
143,Marisol,Sánchez,Rosillo,30,3,Calle:Tenayo Colonia:Tepeyac Insurgentes Alcaldia:Gustavo A. Madero C.P:07020,Flora,TerraMar-Laguna
144,Sofia,Brown,Curtis,19,1,Calle:Ancón Colonia:Tepeyac Insurgentes Alcaldia:Gustavo A. Madero C.P:07020,Fauna-Flora-Internacional,El trabajador no tiene ningun proyecto histórico
145,Antonela,Spilberg,Curtis,45,21,Calle:Valparaíso Colonia:Tepeyac Insurgentes Alcaldia:Gustavo A. Madero C.P:07020,ONG-Internacional-Vista hacia el futuro,Club Inclusivo-Caras Inocentes-Mundo Tecnologico-Conciencia Colectiva-Pureza-Don Gato-Rápido y Eficaz-Aprendizaje Dinamico-Tecnologia para todos-La Raza Cósmica-Orbia-Hazlo Posible-Laguna-Paperclip
146,Nepamuceno,Anderson,López,30,11,Calle:Santiago Colonia:Tepeyac Insurgentes Alcaldia:Gustavo A. Madero C.P:07020,Escuela Global-Vista hacia el futuro,Sputnik-Alimentemos al mundo-Vuelo al desarrollo-CEMEX-Caras Inocentes-Integración Familiar-Club Inclusivo-Revolucion Tecnologica-MAGA-Cerebros Exploradores
147,Sebastian,Xu,Sumner,44,24,Calle:Habana Colonia:Tepeyac Insurgentes Alcaldia:Gustavo A. Madero C.P:07020,Internacional,Metro-Teletón-Mundo Tecnologico-Sembrando Oportunidades-Sputnik-Don Gato-TerraMar-Revolucion Tecnologica-Tecnologia para todos-Reconstruccion-MAGA-Rápido y Eficaz-Cerebros Exploradores-Hazlo Posible-Ciencia T-Pureza-Aprendizaje Dinamico-Vuelo al desarrollo-Luciernaga
148,Lorena,Reyes,Escañuela,45,24,Calle:Pemex Colonia:Industrial Alcaldia:Gustavo A. Madero C.P:07800,Nuevo Amanecer,Laguna-Clonación-ProTierra-Integración Familiar-Metro-Vuelo al desarrollo-Calidad de vida-Sembrando Oportunidades-viendo hacia el futuro-Viaje en el tiempo-Tecnologia para todos-TerraMar-Cerebros Exploradores-Hazlo Posible-Langosta-Pureza-Unidad-Saber más-CEMEX-Convivencia Internacional-Caras Inocentes-MAGA-La Raza Cósmica
149,Sergio,Hernández,Quintero,28,0,Calle:Excelsior Colonia:Industrial Alcaldia:Gustavo A. Madero C.P:07800,Internacional,El trabajador no tiene ningun proyecto histórico
150,Martin,Reyes,Johnson,19,0,Calle:Ideal Colonia:Industrial Alcaldia:Gustavo A. Madero C.P:07800,Flora,El trabajador no tiene ningun proyecto histórico
151,Matias,Jackson,Rourke,58,34,Calle:Fama Colonia:Industrial Alcaldia:Gustavo A. Madero C.P:07800,Flora,Clonación-Saber más-Reconstruccion-Aprendizaje Dinamico-Hazlo Posible-MAGA-Calidad de vida-Metro-Apoyo comunitario-Paperclip-Cerebros Exploradores-ProTierra-Vuelo al desarrollo-Pureza-Sputnik-Viaje en el tiempo-Rápido y Eficaz-Mundo Tecnologico-Laguna-Caras Inocentes-Anticorrupcion-CEMEX-Integración Familiar-Sembrando Oportunidades-Ciencia T-Club Inclusivo-Orbia
152,Pedro,Gómez,Reyes,53,2,Calle:Eureka Colonia:Industrial Alcaldia:Gustavo A. Madero C.P:07800,Cometa,El trabajador no tiene ningun proyecto histórico
153,Miguel,Smith,Quintero,32,6,Calle:Luxo Colonia:Industrial Alcaldia:Gustavo A. Madero C.P:07800,Flora-Mundo Educa-Nuevo Rumbo,Club Inclusivo-Don Gato-Mundo Tecnologico-MAGA-Langosta
154,Gabriel,Ortiz,West,55,1,Calle:Larín Colonia:Industrial Alcaldia:Gustavo A. Madero C.P:07800,Nuevo Rumbo-Escuela Global-Flora,El trabajador no tiene ningun proyecto histórico
155,Sofia,Rickles,Williams,22,3,Calle:Fundidora de Monterrey Colonia:Industrial Alcaldia:Gustavo A. Madero C.P:07800,Escuela Global,Sembrando Oportunidades
156,Sebastian,Jones,Rourke,20,0,Calle:Fenix Colonia:Industrial Alcaldia:Gustavo A. Madero C.P:07800,Vista hacia el futuro,El trabajador no tiene ningun proyecto histórico
157,Anastasio,Rodríguez,Anderson,65,0,Calle:Esperanza Colonia:Industrial Alcaldia:Gustavo A. Madero C.P:07800,Cometa-Vista hacia el futuro-Nuevo Rumbo,El trabajador no tiene ningun proyecto histórico
158,Sergio,Rodríguez,Reyes,45,1,Calle:Río Blanco Colonia:Barranca Seca Alcaldia:Milpa Alta C.P:12114,Vista hacia el futuro-Flora-ONG,El trabajador no tiene ningun proyecto histórico
159,Angel,Mao,Flores,60,36,Calle:Canela Colonia:Tuzanco (La Joya) Alcaldia:Milpa Alta C.P:16888,Nuevo Amanecer-Vista hacia el futuro,Paperclip-viendo hacia el futuro-Unidad-Alimentemos al mundo-Luciernaga-Teletón-MAGA-Calidad de vida-Rápido y Eficaz-Convivencia Internacional-Cerebros Exploradores-Metro-Revolucion Tecnologica-Reconstruccion-Sembrando Oportunidades-TerraMar-Orbia-Integración Familiar-Viaje en el tiempo-Saber más-Sputnik-Anticorrupcion-Vuelo al desarrollo-CEMEX-Aprendizaje Dinamico-Ciencia T-Conciencia Colectiva-Pureza-Mundo Tecnologico-Apoyo comunitario-Hazlo Posible-ProTierra-Tecnologia para todos
160,Jesica,Morales,Flores,52,1,Calle:Avenida San Lorenzo Colonia:Villa Milpa Alta Alcaldia:Milpa Alta C.P:12000,ONG-Nuevo Amanecer-Flora,Vuelo al desarrollo
161,Frida,Vázquez,Xu,29,6,Calle:Avenida de los 45 metros Colonia:Planetario Lindavista Alcaldia:Gustavo A. Madero C.P:07739,Flora-Fauna-Mundo Educa,Saber más-MAGA-Sputnik-Tecnologia para todos
162,Lorena,Hernández,Vázquez,31,0,Calle:Allende Colonia:Rosas del Tepeyac Alcaldia:Gustavo A. Madero C.P:07010,Escuela Global-Nuevo Rumbo,El trabajador no tiene ningun proyecto histórico
163,Martin,Rourke,Hernández,60,39,Calle:Morelos Colonia:Rosas del Tepeyac Alcaldia:Gustavo A. Madero C.P:07010,Flora,Alimentemos al mundo-CEMEX-viendo hacia el futuro-Aprendizaje Dinamico-La Raza Cósmica-Club Inclusivo-TerraMar-Vuelo al desarrollo-Saber más-Reconstruccion-ProTierra-Rápido y Eficaz-Convivencia Internacional-Unidad-Revolucion Tecnologica-Pureza-Don Gato-Tecnologia para todos-Langosta-Conciencia Colectiva-Clonación-Mundo Tecnologico-Metro-Viaje en el tiempo
164,Alejandro,Rourke,Morales,36,14,Calle:Arrollo Sauces Colonia:La Escalera Alcaldia:Gustavo A. Madero C.P:07320,Flora-Nuevo Amanecer-Vista hacia el futuro,Vuelo al desarrollo-Paperclip-Reconstruccion-Alimentemos al mundo-Convivencia Internacional-Mundo Tecnologico-La Raza Cósmica-Sputnik-Viaje en el tiempo-Langosta-Rápido y Eficaz-ProTierra-Cerebros Exploradores-Aprendizaje Dinamico
165,Samantha,Wilkins,West,30,4,Calle:Arrollo Nuevo Colonia:La Escalera Alcaldia:Gustavo A. Madero C.P:07320,Flora-Escuela Global,Langosta-Hazlo Posible
166,Francisco,Reyes,Reyes,58,36,Calle:Arrollo Zacatenco Colonia:La Escalera Alcaldia:Gustavo A. Madero C.P:07320,Nuevo Amanecer-ONG-Escuela Global,La Raza Cósmica-Apoyo comunitario-Revolucion Tecnologica-Paperclip-Calidad de vida-Convivencia Internacional-Vuelo al desarrollo-MAGA-Langosta-ProTierra-Conciencia Colectiva-Teletón-Alimentemos al mundo-Saber más-CEMEX-Integración Familiar-viendo hacia el futuro-Tecnologia para todos-Anticorrupcion-Don Gato-TerraMar-Ciencia T-Reconstruccion-Viaje en el tiempo-Cerebros Exploradores-Mundo Tecnologico-Sembrando Oportunidades
167,Matias,González,Xu,55,2,Calle:Arrollo Viejo Colonia:La Escalera Alcaldia:Gustavo A. Madero C.P:07320,Fauna-ONG,Revolucion Tecnologica-Orbia
168,Martin,Brown,Miller,26,6,Calle:Brasilia Colonia:San Pedro Zacatenco Alcaldia:Gustavo A. Madero C.P:07360,Nuevo Amanecer-ONG,Conciencia Colectiva-Anticorrupcion-Tecnologia para todos-Langosta-Metro
169,Jose,Michaels,Smith,63,24,Calle:Manatí Colonia:San Pedro Zacatenco Alcaldia:Gustavo A. Madero C.P:07360,Nuevo Rumbo,Convivencia Internacional-Ciencia T-Saber más-TerraMar-Hazlo Posible-Paperclip-Laguna-Luciernaga-Alimentemos al mundo-Club Inclusivo-Unidad-Orbia-Tecnologia para todos-Sputnik
170,Annie,Flores,Rosillo,41,5,Calle:Aracazú Colonia:San Pedro Zacatenco Alcaldia:Gustavo A. Madero C.P:07360,Flora-Cometa-Nuevo Rumbo,Luciernaga-Teletón-Alimentemos al mundo
171,Saul,Varela,West,22,2,Calle:Acoyapa Colonia:San Pedro Zacatenco Alcaldia:Gustavo A. Madero C.P:07360,Cometa-Nuevo Amanecer,Caras Inocentes
172,Ramon,Wilkins,García,20,0,Calle:Paramaribo Colonia:San Pedro Zacatenco Alcaldia:Gustavo A. Madero C.P:07360,ONG-Vista hacia el futuro,El trabajador no tiene ningun proyecto histórico
173,Luis,García,Jackson,31,9,Calle:Coloso de Rodas Colonia:Siete Maravillas Alcaldia:Gustavo A. Madero C.P:07707,Cometa-Vista hacia el futuro,Integración Familiar-CEMEX-Convivencia Internacional-Aprendizaje Dinamico-Pureza-Anticorrupcion-Rápido y Eficaz-Laguna
174,Alejandro,Martínez,Gutiérrez,26,7,Calle:Jardines de Babilonia Colonia:Siete Maravillas Alcaldia:Gustavo A. Madero C.P:07707,Flora-Nuevo Amanecer,TerraMar-Ciencia T-Langosta-Apoyo comunitario-Mundo Tecnologico
175,Sebastian,Spilberg,Rodríguez,36,9,Calle:Faro de Alejandría Colonia:Siete Maravillas Alcaldia:Gustavo A. Madero C.P:07707,Cometa-Fauna-Nuevo Amanecer,La Raza Cósmica-ProTierra-Pureza-Vuelo al desarrollo-Calidad de vida-Saber más-Teletón
176,Enrique,Jones,Rourke,49,28,Calle:Templo de Diana Colonia:Siete Maravillas Alcaldia:Gustavo A. Madero C.P:07707,ONG-Fauna,Paperclip-Calidad de vida-Sputnik-Viaje en el tiempo-Alimentemos al mundo-Luciernaga-Convivencia Internacional-La Raza Cósmica-Saber más-Clonación-Metro-Revolucion Tecnologica-Don Gato-Integración Familiar-Laguna-Tecnologia para todos-Vuelo al desarrollo-Unidad-Orbia-MAGA-Club Inclusivo-CEMEX-Langosta-Hazlo Posible
177,Sofia,Williams,Sánchez,42,2,Calle:Uruyen Colonia:Siete Maravillas Alcaldia:Gustavo A. Madero C.P:07707,Nuevo Rumbo-Internacional,El trabajador no tiene ningun proyecto histórico
178,Martin,Gómez,Sumner,63,25,Calle:Joyas Colonia:Tres Estrellas Alcaldia:Gustavo A. Madero C.P:07820,Mundo Educa,Caras Inocentes-Saber más-Tecnologia para todos-Laguna-Apoyo comunitario-Luciernaga-Teletón-Club Inclusivo-Ciencia T-Reconstruccion-Calidad de vida-Viaje en el tiempo-Don Gato-Anticorrupcion-Integración Familiar-Langosta-Aprendizaje Dinamico-Mundo Tecnologico-Orbia-Metro
179,Luis,Pérez,Martínez,40,20,Calle:Mármol Colonia:Tres Estrellas Alcaldia:Gustavo A. Madero C.P:07820,Nuevo Amanecer,MAGA-Mundo Tecnologico-viendo hacia el futuro-Integración Familiar-Vuelo al desarrollo-Don Gato-Viaje en el tiempo-Anticorrupcion-La Raza Cósmica-Saber más-Conciencia Colectiva-Caras Inocentes-Rápido y Eficaz-CEMEX
180,Francisco,Rourke,Yorke,22,1,Calle:Aerolito Colonia:Tres Estrellas Alcaldia:Gustavo A. Madero C.P:07820,Cometa,Apoyo comunitario
181,Anastasio,Rivera,Michaels,43,24,Calle:Jaguar Colonia:Cocoyotes Alcaldia:Gustavo A. Madero C.P:07180,Internacional,ProTierra-Conciencia Colectiva-Clonación-Anticorrupcion-Sembrando Oportunidades-Convivencia Internacional-Luciernaga-Unidad-Caras Inocentes-viendo hacia el futuro-Sputnik-MAGA-Alimentemos al mundo-Mundo Tecnologico-TerraMar-Orbia-Metro-Club Inclusivo-Tecnologia para todos-Viaje en el tiempo-Revolucion Tecnologica-Vuelo al desarrollo-La Raza Cósmica
182,Anastasio,Vázquez,Flores,40,22,Calle:Puma Colonia:Cocoyotes Alcaldia:Gustavo A. Madero C.P:07180,Cometa,Anticorrupcion-Aprendizaje Dinamico-MAGA-Convivencia Internacional-TerraMar-Integración Familiar-Paperclip-Calidad de vida-Tecnologia para todos-Saber más-Viaje en el tiempo-Caras Inocentes-Metro-Reconstruccion
183,Rafael,Ramírez,Martínez,23,1,Calle:Leones Colonia:Cocoyotes Alcaldia:Gustavo A. Madero C.P:07180,Fauna-ONG-Vista hacia el futuro,El trabajador no tiene ningun proyecto histórico
184,Adrián,Anderson,González,41,18,Calle:Artes Colonia:Dinamita Alcaldia:Gustavo A. Madero C.P:07070,Mundo Educa-ONG-Cometa,viendo hacia el futuro-Luciernaga-Teletón-Caras Inocentes-Rápido y Eficaz-Revolucion Tecnologica-Integración Familiar-Club Inclusivo-ProTierra-Sputnik-Viaje en el tiempo-Ciencia T-Convivencia Internacional
185,Luis,Palacios,Reyes,61,16,Calle:Calle sexta Colonia:Dinamita Alcaldia:Gustavo A. Madero C.P:07070,Flora-Nuevo Amanecer-Nuevo Rumbo,La Raza Cósmica-Aprendizaje Dinamico-Apoyo comunitario-Conciencia Colectiva-Laguna-Ciencia T-Sembrando Oportunidades-Metro-Viaje en el tiempo-Anticorrupcion-Calidad de vida-Tecnologia para todos-Teletón
186,Mateo,Morales,Mao,42,3,Calle:Calle Octava Colonia:Dinamita Alcaldia:Gustavo A. Madero C.P:07070,Vista hacia el futuro-Escuela Global-Fauna,Paperclip-ProTierra-Sembrando Oportunidades
187,Luis,Joyce,Jackson,45,18,Calle:Dique Colonia:El Olivo Alcaldia:Gustavo A. Madero C.P:07920,Mundo Educa,Mundo Tecnologico-Metro-Laguna-Vuelo al desarrollo-Viaje en el tiempo-Teletón-Don Gato-Paperclip-Pureza-Luciernaga-Ciencia T-Calidad de vida-Langosta-Saber más-Integración Familiar-Caras Inocentes-ProTierra-Convivencia Internacional
188,Sofia,Wilson,Morales,41,13,Calle:Rompeolas Colonia:El Olivo Alcaldia:Gustavo A. Madero C.P:07920,Fauna,La Raza Cósmica-Tecnologia para todos-viendo hacia el futuro-Don Gato-Alimentemos al mundo-Cerebros Exploradores-Integración Familiar-TerraMar
189,Francisco,Almazo,Quintero,24,1,Calle:Nube Colonia:Lomas Quebradas Alcaldia:La Magdalena Contreras C.P:10000,Internacional-Cometa,CEMEX
190,Ramon,Morrissey,Torres,48,20,Calle:Violeta Colonia:Lomas Quebradas Alcaldia:La Magdalena Contreras C.P:10000,Nuevo Rumbo-Flora-ONG,Club Inclusivo-Luciernaga-Revolucion Tecnologica-Rápido y Eficaz-Integración Familiar-Cerebros Exploradores-Unidad-viendo hacia el futuro-Metro-Teletón-Tecnologia para todos-Sembrando Oportunidades-Hazlo Posible-Pureza-La Raza Cósmica
191,Frida,Flores,Díaz,48,25,Calle:Presa Reventada Colonia:Lomas Quebradas Alcaldia:La Magdalena Contreras C.P:10000,Internacional-ONG,Vuelo al desarrollo-Tecnologia para todos-Reconstruccion-Cerebros Exploradores-Laguna-Langosta-Teletón-TerraMar-Orbia-Ciencia T-Rápido y Eficaz-Alimentemos al mundo-Clonación-CEMEX-Anticorrupcion
192,Adrián,Rodríguez,Flores,34,5,Calle:Ecologistas Colonia:Tierra Unida Alcaldia:La Magdalena Contreras C.P:10369,Vista hacia el futuro-Nuevo Amanecer-ONG,La Raza Cósmica-Convivencia Internacional-Luciernaga-Teletón
193,Miguel,Ramírez,Martínez,47,14,Calle:Tochihuehue Colonia:El Ocotal Alcaldia:La Magdalena Contreras C.P:10643,Fauna,Unidad-Caras Inocentes-Vuelo al desarrollo-Reconstruccion-La Raza Cósmica-Calidad de vida-Langosta-Cerebros Exploradores-Convivencia Internacional-Orbia
194,Rodrigo,Anderson,Morrissey,58,38,Calle:Cerro Temamatla Colonia:El Ocotal Alcaldia:La Magdalena Contreras C.P:10643,Escuela Global,Anticorrupcion-Saber más-La Raza Cósmica-Revolucion Tecnologica-Hazlo Posible-Sputnik-Luciernaga-Reconstruccion-Orbia-Sembrando Oportunidades-Viaje en el tiempo-Metro-Laguna-Mundo Tecnologico-Pureza-MAGA-ProTierra-Aprendizaje Dinamico-TerraMar-viendo hacia el futuro-Ciencia T-Conciencia Colectiva-Clonación-Apoyo comunitario-Paperclip-Convivencia Internacional-Integración Familiar-Tecnologia para todos-Caras Inocentes-Don Gato
195,Rafael,Joyce,O'Brien,47,29,Calle:Conejal Colonia:San Bernabé Ocotepec Alcaldia:La Magdalena Contreras C.P:10300,Mundo Educa-Internacional,Integración Familiar-Saber más-Conciencia Colectiva-Langosta-Laguna-Convivencia Internacional-viendo hacia el futuro-Rápido y Eficaz-Alimentemos al mundo-Luciernaga-Vuelo al desarrollo-Don Gato-Teletón-ProTierra-Tecnologia para todos-Viaje en el tiempo-Metro-Paperclip-Revolucion Tecnologica-Caras Inocentes-Club Inclusivo-Calidad de vida-TerraMar-Clonación-Unidad-Sembrando Oportunidades-Hazlo Posible
196,Pedro,Rivera,Xu,20,0,Calle:Maquihuana Colonia:San Bernabé Ocotepec Alcaldia:La Magdalena Contreras C.P:10300,Internacional,El trabajador no tiene ningun proyecto histórico
197,Miguel,Miller,Varela,52,16,Calle:Columba Colonia:San Bernabé Ocotepec Alcaldia:La Magdalena Contreras C.P:10300,Nuevo Amanecer,Tecnologia para todos-Cerebros Exploradores-Rápido y Eficaz-Alimentemos al mundo-Saber más-Convivencia Internacional-Don Gato-Calidad de vida-Orbia-Teletón-Vuelo al desarrollo-Unidad-MAGA
198,Annie,Rodríguez,Byrne,37,19,Calle:Coconetla Colonia:El Ocotal Alcaldia:La Magdalena Contreras C.P:10643,Fauna,Mundo Tecnologico-Sputnik-viendo hacia el futuro-Luciernaga-Caras Inocentes-Apoyo comunitario-Reconstruccion-Metro-Unidad-Anticorrupcion-Club Inclusivo-Laguna-Convivencia Internacional-Viaje en el tiempo-Langosta-Hazlo Posible-Alimentemos al mundo-Vuelo al desarrollo
199,Alejandro,Yañes,Morales,51,29,Calle:Leopoldo Salazar Colonia:Copilco el Alto Alcaldia:Coyoacán C.P:04360,Flora-Escuela Global,viendo hacia el futuro-Unidad-Laguna-Calidad de vida-Don Gato-Teletón-Sputnik-Ciencia T-Tecnologia para todos-Anticorrupcion-Langosta-Luciernaga-Aprendizaje Dinamico-Orbia-Metro-Convivencia Internacional-Rápido y Eficaz-Conciencia Colectiva
200,Angel,Gutiérrez,Morales,21,1,Calle:Luis Enrique Erro Colonia:Copilco el Alto Alcaldia:Coyoacán C.P:04360,Cometa-Nuevo Amanecer,El trabajador no tiene ningun proyecto histórico
201,Bastian,Morales,Morales,46,12,Calle:José Mancisidor Colonia:Copilco el Alto Alcaldia:Coyoacán C.P:04360,Escuela Global-Nuevo Amanecer-Vista hacia el futuro,Clonación-MAGA-Conciencia Colectiva-Cerebros Exploradores-Viaje en el tiempo-Ciencia T-Paperclip-Caras Inocentes-Langosta-Vuelo al desarrollo
202,Saul,Ortiz,Rivera,42,4,Calle:Cerro Tuera Colonia:Copilco el Bajo Alcaldia:Coyoacán C.P:04340,Escuela Global-Internacional,Apoyo comunitario-Unidad-Integración Familiar
203,Luis,Spilberg,Morrissey,35,1,Calle:Mirasol Colonia:Copilco el Bajo Alcaldia:Coyoacán C.P:04340,ONG-Nuevo Rumbo-Fauna,El trabajador no tiene ningun proyecto histórico
204,Grasiela,Escañuela,Yañes,28,4,Calle:Miguel G. Kramer Colonia:Atlántida Alcaldia:Coyoacán C.P:04370,Fauna,ProTierra-Teletón-Revolucion Tecnologica-Vuelo al desarrollo
205,Bastian,Brown,Xu,30,5,Calle:Central Colonia:Atlántida Alcaldia:Coyoacán C.P:04370,Nuevo Amanecer-Fauna-Flora,Calidad de vida-Caras Inocentes-Anticorrupcion-Clonación-Reconstruccion
206,Samantha,Ramírez,Pérez,36,0,Calle:Siempreviva Colonia:Xotepingo Alcaldia:Coyoacán C.P:04610,Fauna-Flora-ONG,El trabajador no tiene ningun proyecto histórico
207,Roque,Díaz,Flores,23,2,Calle:Caléndula Colonia:Xotepingo Alcaldia:Coyoacán C.P:04610,Fauna-Nuevo Amanecer,El trabajador no tiene ningun proyecto histórico
208,Annie,Rourke,Morales,58,17,Calle:Botón Colonia:El Reloj Alcaldia:Coyoacán C.P:04640,Nuevo Amanecer-Mundo Educa-Fauna,Luciernaga-Alimentemos al mundo-MAGA-TerraMar-Teletón-Mundo Tecnologico-Apoyo comunitario-Calidad de vida-Convivencia Internacional-Cerebros Exploradores-Paperclip-Integración Familiar-Laguna-Sembrando Oportunidades-Aprendizaje Dinamico-Vuelo al desarrollo
209,Roque,Spilberg,Hazel,31,10,Calle:Corola Colonia:El Reloj Alcaldia:Coyoacán C.P:04640,Nuevo Amanecer-Fauna,MAGA-Revolucion Tecnologica-Anticorrupcion-ProTierra-Apoyo comunitario-Hazlo Posible-Integración Familiar
210,Federico,Smith,Cruz,19,1,Calle:Cerro de Zempoala Colonia:Hermosillo Alcaldia:Coyoacán C.P:04240,Cometa-ONG,El trabajador no tiene ningun proyecto histórico
211,Adrián,Curtis,Hazel,32,7,Calle:Yaquis Colonia:Huayamilpas Alcaldia:Coyoacán C.P:04390,Flora,CEMEX-Rápido y Eficaz-Cerebros Exploradores-Caras Inocentes-ProTierra-Calidad de vida
212,Anastasio,Flores,Morales,38,18,Calle:Miguel Hidalgo Colonia:Villa Milpa Alta Alcaldia:Milpa Alta C.P:12000,ONG-Vista hacia el futuro-Escuela Global,Ciencia T-CEMEX-Viaje en el tiempo-viendo hacia el futuro-Metro-Paperclip-Don Gato-Club Inclusivo-Langosta-Caras Inocentes-La Raza Cósmica-Rápido y Eficaz-Unidad
213,Enrique,Varela,Cruz,44,16,Calle:Juan de la Barrera Colonia:Condesa Alcaldia:Cuauhtémoc  C.P:06140,Nuevo Rumbo,Langosta-Cerebros Exploradores-Anticorrupcion-Paperclip-Hazlo Posible-viendo hacia el futuro-Saber más-Tecnologia para todos-Aprendizaje Dinamico
214,Lorena,Hernández,Johnson,37,16,Calle:Antonio Sola Colonia:Condesa Alcaldia:Cuauhtémoc  C.P:06140,Nuevo Rumbo-Fauna-Flora,Ciencia T-Aprendizaje Dinamico-Pureza-Orbia-Mundo Tecnologico-TerraMar-Teletón-La Raza Cósmica-Viaje en el tiempo-Convivencia Internacional-Caras Inocentes-Cerebros Exploradores-viendo hacia el futuro-Integración Familiar-Calidad de vida
215,Martin,Gutiérrez,Spilberg,26,5,Calle:Fernando Montes de Oca Colonia:Condesa Alcaldia:Cuauhtémoc  C.P:06140,Mundo Educa-Flora-Cometa,Aprendizaje Dinamico-CEMEX-Orbia-Caras Inocentes
216,Clara,Reyes,Díaz,40,11,Calle:Yautepec Colonia:Condesa Alcaldia:Cuauhtémoc  C.P:06140,Cometa-Internacional,Paperclip-TerraMar-Rápido y Eficaz-Langosta-ProTierra-viendo hacia el futuro-Don Gato-Laguna-Viaje en el tiempo
217,Matias,Morrissey,Torres,21,1,Calle:Cuautla Colonia:Condesa Alcaldia:Cuauhtémoc  C.P:06140,Cometa-Internacional,El trabajador no tiene ningun proyecto histórico
218,Sebastian,Sumner,Davis,35,16,Calle:Cuernavaca Colonia:Condesa Alcaldia:Cuauhtémoc  C.P:06140,Vista hacia el futuro-Internacional,Unidad-Alimentemos al mundo-ProTierra-Reconstruccion-Don Gato-Aprendizaje Dinamico-Integración Familiar-Rápido y Eficaz-Hazlo Posible-Revolucion Tecnologica-Teletón-viendo hacia el futuro-Tecnologia para todos-Convivencia Internacional-La Raza Cósmica
219,Angel,Williams,Flores,23,4,Calle:El Oro Colonia:Roma Norte Alcaldia:Cuauhtémoc  C.P:06700,Mundo Educa,viendo hacia el futuro-Saber más-Anticorrupcion-Unidad
220,Marisol,West,Sumner,44,12,Calle:Avenida Álvaro Obregón Colonia:Roma Norte Alcaldia:Cuauhtémoc  C.P:06700,Internacional,Convivencia Internacional-Alimentemos al mundo-Teletón-Langosta-Tecnologia para todos-Caras Inocentes-Rápido y Eficaz-TerraMar-Cerebros Exploradores-CEMEX-Luciernaga
221,Enrique,Yorke,González,44,21,Calle:Frontera Colonia:Roma Norte Alcaldia:Cuauhtémoc  C.P:06700,Flora-Cometa-Vista hacia el futuro,Sputnik-Hazlo Posible-Revolucion Tecnologica-MAGA-Integración Familiar-Teletón-Caras Inocentes-La Raza Cósmica-Metro-Viaje en el tiempo-ProTierra-Aprendizaje Dinamico-Pureza-Saber más-Laguna
222,Adrián,López,Spilberg,63,11,Calle:Flora Colonia:Roma Norte Alcaldia:Cuauhtémoc  C.P:06700,Mundo Educa,Tecnologia para todos-CEMEX-Club Inclusivo-Calidad de vida-Teletón-Metro-Laguna-Luciernaga-Sputnik-Reconstruccion
223,Clara,Rosillo,Vázquez,25,1,Calle:Tepeji Colonia:Roma Sur Alcaldia:Cuauhtémoc  C.P:06760,Vista hacia el futuro-Nuevo Amanecer-Mundo Educa,Sputnik
224,Enrique,Mao,Díaz,65,1,Calle:Tehuantepec Colonia:Roma Sur Alcaldia:Cuauhtémoc  C.P:06760,Fauna,Metro
225,Luis,Gómez,Curtis,63,21,Calle:Ario Colonia:Roma Sur Alcaldia:Cuauhtémoc  C.P:06760,Internacional-Escuela Global,Metro-Hazlo Posible-Saber más-Teletón-Vuelo al desarrollo-Don Gato-Anticorrupcion-CEMEX-Paperclip-Cerebros Exploradores-ProTierra-Convivencia Internacional-Langosta-Orbia-TerraMar-Pureza
226,Sofia,Skywalker,Quintero,41,3,Calle:Piedras Negras Colonia:Roma Sur Alcaldia:Cuauhtémoc  C.P:06760,Cometa,Viaje en el tiempo-Saber más-Teletón
227,Antonela,West,Almazo,37,8,Calle:Eligio Ancona Colonia:Santa María la Ribera Alcaldia:Cuauhtémoc  C.P:06400,Internacional-ONG,Aprendizaje Dinamico-Don Gato-Convivencia Internacional-La Raza Cósmica-Ciencia T-Tecnologia para todos-Orbia-Langosta
228,Mateo,Sumner,Yorke,44,8,Calle:Naranjo Colonia:Santa María la Ribera Alcaldia:Cuauhtémoc  C.P:06400,ONG-Fauna-Escuela Global,Mundo Tecnologico-Clonación-Rápido y Eficaz-Orbia-Convivencia Internacional
229,Pedro,Quintero,Palacios,26,4,Calle:Jaime Torres Bodet Colonia:Santa María la Ribera Alcaldia:Cuauhtémoc  C.P:06400,Escuela Global-Nuevo Rumbo-Nuevo Amanecer,MAGA-Luciernaga-Alimentemos al mundo
230,Alejandro,Ortiz,Hernández,65,4,Calle:Tilos Colonia:Santa María Insurgentes Alcaldia:Cuauhtémoc  C.P:06430,Escuela Global-Nuevo Rumbo-Nuevo Amanecer,Hazlo Posible-Convivencia Internacional
231,Rafael,Varela,González,25,3,Calle:Maple Colonia:Santa María Insurgentes Alcaldia:Cuauhtémoc  C.P:06430,Vista hacia el futuro,Ciencia T-Teletón
232,Jose,Yorke,Almazo,47,22,Calle:Chopo Colonia:Santa María Insurgentes Alcaldia:Cuauhtémoc  C.P:06430,Vista hacia el futuro,Sputnik-CEMEX-ProTierra-Hazlo Posible-TerraMar-Luciernaga-Cerebros Exploradores-Alimentemos al mundo-Ciencia T-Teletón-Viaje en el tiempo-Mundo Tecnologico-Metro-Pureza-Laguna-Saber más-Conciencia Colectiva-Anticorrupcion-Calidad de vida-Paperclip-La Raza Cósmica
233,Sergio,Johnson,Yorke,34,9,Calle:José María Roa Bárcenas Colonia:Vista Alegre Alcaldia:Cuauhtémoc  C.P:06860,Internacional,Conciencia Colectiva-Hazlo Posible-Alimentemos al mundo-Clonación-MAGA-Sputnik-Sembrando Oportunidades-Club Inclusivo-Laguna
234,Enrique,Smith,Rosillo,36,15,Calle:Francisco Ayala Colonia:Vista Alegre Alcaldia:Cuauhtémoc  C.P:06860,Mundo Educa,Viaje en el tiempo-TerraMar-Hazlo Posible-Unidad-Don Gato-Metro-viendo hacia el futuro-MAGA-Saber más-Reconstruccion-Sputnik
235,Kytzia,Rodríguez,Xu,46,3,Calle:Mariano Matamoros Colonia:Santa María Tepepan Alcaldia:Xochimilco C.P:16243,Nuevo Rumbo-Escuela Global,Pureza-Calidad de vida
236,Marisol,Yañes,Sumner,45,10,Calle:Ignacio Aldama Colonia:Santa María Tepepan Alcaldia:Xochimilco C.P:16243,Escuela Global-Vista hacia el futuro,Tecnologia para todos-Rápido y Eficaz-MAGA-Reconstruccion-La Raza Cósmica-Aprendizaje Dinamico-Club Inclusivo-Metro-Alimentemos al mundo-Unidad
237,Marco,López,Villa,36,4,Calle:Cerro Tláloc  Colonia:Santa María Tepepan Alcaldia:Xochimilco C.P:16243,ONG,Metro-Unidad-CEMEX-Rápido y Eficaz
238,Daniela,Morales,Flores,21,0,Calle:Clavel Colonia:Lceas Crus  Alcaldia:Xochimilco C.P:16530,Fauna-Internacional,El trabajador no tiene ningun proyecto histórico
239,Jesica,Yorke,Williams,28,2,Calle:Durazno Colonia:Las Cruces  Alcaldia:Xochimilco C.P:16530,Fauna,Revolucion Tecnologica-Don Gato
240,Francisco,Smith,Reyes,51,24,Calle:Avenida del Campo Colonia:Las Cruces  Alcaldia:Xochimilco C.P:16530,Escuela Global,Ciencia T-Rápido y Eficaz-Teletón-Integración Familiar-Orbia-Convivencia Internacional-Caras Inocentes-viendo hacia el futuro-Laguna-Luciernaga-Reconstruccion-Clonación-Calidad de vida-Mundo Tecnologico-Langosta-Sputnik-La Raza Cósmica-Don Gato-Tecnologia para todos-Vuelo al desarrollo-CEMEX-Aprendizaje Dinamico
241,Luis,Rodríguez,Smith,29,3,Calle:Sor Juana Colonia:Las Cruces  Alcaldia:Xochimilco C.P:16530,ONG-Mundo Educa-Vista hacia el futuro,Unidad-Alimentemos al mundo-Apoyo comunitario
242,Clara,Morrissey,Rickles,28,0,Calle:Los Reyes Colonia:Los Reyes Alcaldia:Xochimilco C.P:16605,Escuela Global-Nuevo Rumbo-Nuevo Amanecer,El trabajador no tiene ningun proyecto histórico
243,Frida,Rourke,Skywalker,22,0,Calle:Pirules Colonia:Los Reyes Alcaldia:Xochimilco C.P:16605,Cometa-Nuevo Amanecer-Escuela Global,El trabajador no tiene ningun proyecto histórico
244,Sergio,Byrne,Gómez,22,3,Calle:Calle Hueymic Colonia:Los Reyes Alcaldia:Xochimilco C.P:16605,Internacional,Conciencia Colectiva-Apoyo comunitario
245,Clara,Cruz,Greenwood,33,15,Calle:Nicolás Bravo  Colonia:Nativitas Alcaldia:Xochimilco C.P:16797,Internacional,MAGA-Orbia-Luciernaga-Calidad de vida-Aprendizaje Dinamico-Conciencia Colectiva-Reconstruccion-Hazlo Posible-Tecnologia para todos-Sembrando Oportunidades-Apoyo comunitario-La Raza Cósmica
246,Alejandro,Ramírez,Morrissey,43,17,Calle:Hermenegildo Galeana Colonia:Nativitas Alcaldia:Xochimilco C.P:16797,Nuevo Rumbo,Orbia-TerraMar-Calidad de vida-ProTierra-Luciernaga-Convivencia Internacional-Don Gato-Saber más-La Raza Cósmica-Revolucion Tecnologica-Cerebros Exploradores
247,Marisol,Martínez,Hernández,45,22,Calle:Vicente Guerrero Colonia:Nativitas Alcaldia:Xochimilco C.P:16797,Nuevo Amanecer,Pureza-Rápido y Eficaz-Unidad-Sembrando Oportunidades-Paperclip-Convivencia Internacional-Metro-Vuelo al desarrollo-Integración Familiar-Clonación-Calidad de vida-Conciencia Colectiva-Teletón-Caras Inocentes-Saber más-CEMEX-Revolucion Tecnologica-Aprendizaje Dinamico-ProTierra-Cerebros Exploradores-Hazlo Posible
248,Daniela,González,Xu,28,4,Calle:Mendoza Colonia:San Gregorio Atlapulco Alcaldia:Xochimilco C.P:16600,Flora-Cometa-Nuevo Amanecer,Teletón-TerraMar-Pureza-Caras Inocentes
249,Rafael,Gómez,West,47,19,Calle:Guadalupe Victoria Colonia:San Gregorio Atlapulco Alcaldia:Xochimilco C.P:16600,Nuevo Rumbo,Sputnik-Anticorrupcion-Laguna-Don Gato-Revolucion Tecnologica-Calidad de vida-Tecnologia para todos-Paperclip-Saber más-Aprendizaje Dinamico-Luciernaga-Orbia-viendo hacia el futuro-La Raza Cósmica-Reconstruccion-Caras Inocentes-Convivencia Internacional-Langosta
250,Jose,Joyce,Miller,50,26,Calle:Avenida México Colonia:San Gregorio Atlapulco Alcaldia:Xochimilco C.P:16600,Nuevo Amanecer,viendo hacia el futuro-Saber más-Club Inclusivo-Luciernaga-Laguna-Viaje en el tiempo-Alimentemos al mundo-Calidad de vida-Integración Familiar-Vuelo al desarrollo-Mundo Tecnologico-Hazlo Posible-Teletón-Clonación-CEMEX-Rápido y Eficaz-Sembrando Oportunidades-TerraMar-Cerebros Exploradores-Conciencia Colectiva-Tecnologia para todos
251,Sergio,Pérez,Xu,59,17,Calle:Caltongo Colonia:San Gregorio Atlapulco Alcaldia:Xochimilco C.P:16600,Mundo Educa-Vista hacia el futuro-Flora,Don Gato-Clonación-CEMEX-Vuelo al desarrollo-MAGA-Metro-Sembrando Oportunidades-Anticorrupcion-Hazlo Posible-Pureza-Alimentemos al mundo-TerraMar-ProTierra-La Raza Cósmica
252,Jesica,Miller,González,38,18,Calle:Moctezuma Colonia:San Gregorio Atlapulco Alcaldia:Xochimilco C.P:16600,Mundo Educa-Nuevo Amanecer,Laguna-La Raza Cósmica-Ciencia T-Caras Inocentes-Integración Familiar-Aprendizaje Dinamico-Apoyo comunitario-Mundo Tecnologico-Rápido y Eficaz-Sembrando Oportunidades-Reconstruccion-CEMEX-Luciernaga-Club Inclusivo
253,Annie,Wilson,Reyes,62,12,Calle:Colorines Colonia:San Gregorio Atlapulco Alcaldia:Xochimilco C.P:16600,Nuevo Rumbo-Vista hacia el futuro,Teletón-Saber más-Clonación-Revolucion Tecnologica-Calidad de vida-Orbia-Club Inclusivo
254,Rodrigo,Martínez,Flores,23,2,Calle:Magnolia Colonia:San Gregorio Atlapulco Alcaldia:Xochimilco C.P:16600,Fauna-ONG,Aprendizaje Dinamico
255,Rodrigo,López,Sánchez,30,0,Calle:Monte Carmelo Colonia:San Lucas Xochimanca Alcaldia:Xochimilco C.P:16300,ONG,El trabajador no tiene ningun proyecto histórico
256,Rafael,Pérez,Sánchez,30,8,Calle:Monte Miravalle Colonia:San Lucas Xochimanca Alcaldia:Xochimilco C.P:16300,Escuela Global-Vista hacia el futuro-Nuevo Rumbo,Revolucion Tecnologica-Reconstruccion-Aprendizaje Dinamico-Pureza-Sputnik-Hazlo Posible-Unidad-Sembrando Oportunidades
257,Rafael,Wilson,Michaels,19,0,Calle:La Cima Colonia:San Lucas Xochimanca Alcaldia:Xochimilco C.P:16300,Nuevo Amanecer-Fauna-Internacional,El trabajador no tiene ningun proyecto histórico
258,Francisco,Brown,Greenwood,51,31,Calle:Cielito Lindo Colonia:Quirino Mendoza Alcaldia:Xochimilco C.P:16710,Nuevo Amanecer,Don Gato-Anticorrupcion-Pureza-Reconstruccion-TerraMar-viendo hacia el futuro-La Raza Cósmica-Conciencia Colectiva-ProTierra-Orbia-Saber más-Langosta-Teletón-Paperclip-Alimentemos al mundo-MAGA-Laguna-Unidad-Ciencia T-Caras Inocentes-Club Inclusivo-Rápido y Eficaz-Metro-Sputnik-Revolucion Tecnologica-Apoyo comunitario-Integración Familiar-Clonación-Mundo Tecnologico-Vuelo al desarrollo
259,Bastian,O'Brien,Greenwood,18,0,Calle:Quetzalcóatl Colonia:Cacama Alcaldia:Iztapalapa C.P:09820,Nuevo Rumbo-Flora,El trabajador no tiene ningun proyecto histórico
260,Gabriel,Pérez,Sumner,40,2,Calle:Cacama Colonia:Cacama Alcaldia:Iztapalapa C.P:09820,Internacional,Sputnik
261,Nepamuceno,Byrne,Williams,49,14,Calle:Alhelí Colonia:La Planta Alcaldia:Iztapalapa C.P:09960,Flora,Mundo Tecnologico-Viaje en el tiempo-Rápido y Eficaz-Luciernaga-MAGA-Langosta-La Raza Cósmica-viendo hacia el futuro-Conciencia Colectiva
262,Mateo,Varela,Gómez,49,24,Calle:Fresa Colonia:La Planta Alcaldia:Iztapalapa C.P:09960,Escuela Global-Flora-ONG,Aprendizaje Dinamico-La Raza Cósmica-Caras Inocentes-Clonación-Laguna-Integración Familiar-Unidad-Calidad de vida-Paperclip-Hazlo Posible-Saber más-Pureza-Anticorrupcion-Mundo Tecnologico-Conciencia Colectiva-Club Inclusivo-viendo hacia el futuro
263,Clara,Yorke,Cruz,62,35,Calle:Cherán Colonia:El Triángulo Alcaldia:Iztapalapa C.P:09769,ONG,Metro-Unidad-Convivencia Internacional-Calidad de vida-Don Gato-Sputnik-Vuelo al desarrollo-Rápido y Eficaz-Luciernaga-Clonación-La Raza Cósmica-Mundo Tecnologico-CEMEX-Langosta-Sembrando Oportunidades-Ciencia T-viendo hacia el futuro-Conciencia Colectiva-Orbia-Tecnologia para todos-Paperclip-MAGA-Alimentemos al mundo-Apoyo comunitario-Laguna-Integración Familiar-Aprendizaje Dinamico
264,Anastasio,Yañes,Reyes,63,40,Calle:Censos Colonia:El Retoño Alcaldia:Iztapalapa C.P:09440,Nuevo Amanecer-Fauna,Laguna-Sembrando Oportunidades-Luciernaga-La Raza Cósmica-Club Inclusivo-ProTierra-Caras Inocentes-TerraMar-Convivencia Internacional-Integración Familiar-Unidad-Saber más-Pureza-Langosta-Ciencia T-Clonación-Conciencia Colectiva-CEMEX-Don Gato-MAGA-Viaje en el tiempo-Apoyo comunitario-Hazlo Posible-Sputnik-Orbia-viendo hacia el futuro-Calidad de vida-Revolucion Tecnologica-Mundo Tecnologico-Paperclip-Metro-Reconstruccion-Alimentemos al mundo-Tecnologia para todos-Rápido y Eficaz-Aprendizaje Dinamico-Vuelo al desarrollo-Cerebros Exploradores-Teletón
265,Frida,Spilberg,Spilberg,44,18,Calle:Geólogos Colonia:El Triunfo Alcaldia:Iztapalapa C.P:09430,Escuela Global,Luciernaga-Orbia-Don Gato-Rápido y Eficaz-TerraMar-Ciencia T-Metro-Aprendizaje Dinamico-viendo hacia el futuro-Conciencia Colectiva-Cerebros Exploradores-Anticorrupcion-Mundo Tecnologico-Sputnik
266,Bastian,Smith,Varela,34,1,Calle:Lusitania Colonia:Lomas Estrella Alcaldia:Iztapalapa C.P:09890,Cometa-Internacional-Nuevo Rumbo,El trabajador no tiene ningun proyecto histórico
267,Bastian,Martínez,Spilberg,52,32,Calle:Luis Saviñón Colonia:Del Valle Norte Alcaldia:Benito Juárez C.P:03103,Fauna,Don Gato-Aprendizaje Dinamico-La Raza Cósmica-Tecnologia para todos-Ciencia T-Clonación-Pureza-Saber más-Reconstruccion-Paperclip-Calidad de vida-Rápido y Eficaz-Metro-Hazlo Posible-CEMEX-Orbia-Viaje en el tiempo-Unidad-Vuelo al desarrollo-Revolucion Tecnologica-Anticorrupcion-Alimentemos al mundo-Conciencia Colectiva
268,Miguel,Morrissey,Ortiz,45,13,Calle:La Morena Colonia:Del Valle Norte Alcaldia:Benito Juárez C.P:03103,Internacional-ONG,Sembrando Oportunidades-Cerebros Exploradores-Hazlo Posible-Vuelo al desarrollo-Teletón-Orbia-Calidad de vida-Caras Inocentes-Club Inclusivo-Metro
269,Marisol,Sumner,Almazo,38,18,Calle:Providencia Colonia:Del Valle Norte Alcaldia:Benito Juárez C.P:03103,Nuevo Rumbo-Flora,Caras Inocentes-TerraMar-CEMEX-Don Gato-Sputnik-Tecnologia para todos-Orbia-ProTierra-Saber más-Teletón
270,Marta,Anderson,Pérez,31,13,Calle:Parroquia Colonia:Del Valle Sur Alcaldia:Benito Juárez C.P:03104,Fauna-Flora,Pureza-CEMEX-Saber más-Sputnik-Vuelo al desarrollo-Luciernaga-Unidad-Apoyo comunitario-Reconstruccion
271,Gabriel,Curtis,Escañuela,61,43,Calle:Adolfo Prieto Colonia:Del Valle Sur Alcaldia:Benito Juárez C.P:03104,Vista hacia el futuro-Cometa,viendo hacia el futuro-Vuelo al desarrollo-Apoyo comunitario-Aprendizaje Dinamico-Club Inclusivo-Luciernaga-Rápido y Eficaz-Orbia-Teletón-Mundo Tecnologico-ProTierra-Conciencia Colectiva-Langosta-Revolucion Tecnologica-Anticorrupcion-Sputnik-Alimentemos al mundo-Metro-Saber más-Don Gato-Unidad-Convivencia Internacional-Viaje en el tiempo-Hazlo Posible-Laguna-Cerebros Exploradores-Caras Inocentes-Sembrando Oportunidades-La Raza Cósmica-Reconstruccion-MAGA-Paperclip
272,Roque,Rosillo,Reyes,44,26,Calle:Moras Colonia:Del Valle Sur Alcaldia:Benito Juárez C.P:03104,Vista hacia el futuro,Mundo Tecnologico-Paperclip-Caras Inocentes-Luciernaga-Convivencia Internacional-Cerebros Exploradores-Conciencia Colectiva-Vuelo al desarrollo-Rápido y Eficaz-Sembrando Oportunidades-Saber más-Laguna-Orbia-Aprendizaje Dinamico-Reconstruccion-Anticorrupcion-Langosta-Apoyo comunitario-Clonación-Hazlo Posible-Viaje en el tiempo-CEMEX
273,Luis,García,Escañuela,58,20,Calle:Bufalo Colonia:Del Valle Sur Alcaldia:Benito Juárez C.P:03104,Nuevo Rumbo-Nuevo Amanecer-Internacional,Clonación-Orbia-ProTierra-Don Gato-Luciernaga-Pureza-Viaje en el tiempo-Rápido y Eficaz-Integración Familiar-Teletón-La Raza Cósmica-MAGA-CEMEX-Reconstruccion-Convivencia Internacional-Sembrando Oportunidades-Mundo Tecnologico-Aprendizaje Dinamico-Sputnik
274,Rodrigo,Martínez,Miller,19,0,Calle:Amores Colonia:Del Valle Centro Alcaldia:Benito Juárez C.P:03100,Flora-Internacional,El trabajador no tiene ningun proyecto histórico
275,Ramon,Miller,Ortiz,44,22,Calle:Roberto Gayol Colonia:Del Valle Centro Alcaldia:Benito Juárez C.P:03100,Nuevo Rumbo-Cometa,CEMEX-Reconstruccion-Paperclip-Integración Familiar-Clonación-Ciencia T-Revolucion Tecnologica-ProTierra-Anticorrupcion-Metro-Cerebros Exploradores-Don Gato-Conciencia Colectiva-Club Inclusivo-Hazlo Posible-Apoyo comunitario-Aprendizaje Dinamico-viendo hacia el futuro-Convivencia Internacional-Unidad
276,Adrián,García,Xu,64,28,Calle:Jesús Urquiaga Colonia:Del Valle Norte Alcaldia:Benito Juárez C.P:03103,Nuevo Rumbo,Vuelo al desarrollo-Tecnologia para todos-Laguna-Mundo Tecnologico-Paperclip-Calidad de vida-Teletón-Viaje en el tiempo-Hazlo Posible-MAGA-Luciernaga-Convivencia Internacional-Langosta-La Raza Cósmica-Clonación-Ciencia T
277,Sergio,Hazel,López,19,0,Calle:Calle San Borja Colonia:Del Valle Centro Alcaldia:Benito Juárez C.P:03100,ONG-Mundo Educa-Cometa,El trabajador no tiene ningun proyecto histórico
278,Antonela,O'Brien,Escañuela,41,5,Calle:Angel Urraza Colonia:Del Valle Centro Alcaldia:Benito Juárez C.P:03100,Escuela Global-Mundo Educa,Alimentemos al mundo-Integración Familiar-Apoyo comunitario-Convivencia Internacional
279,Sofia,Rosillo,Gutiérrez,44,9,Calle:Escocia Colonia:Del Valle Centro Alcaldia:Benito Juárez C.P:03100,Nuevo Rumbo-Flora,Apoyo comunitario-Cerebros Exploradores-Clonación-Hazlo Posible-Vuelo al desarrollo-Metro-Integración Familiar-Sembrando Oportunidades
280,Enrique,West,Rosillo,56,12,Calle:Matías Romero Colonia:Del Valle Centro Alcaldia:Benito Juárez C.P:03100,Nuevo Amanecer-Cometa,Viaje en el tiempo-CEMEX-Laguna-Integración Familiar-Convivencia Internacional-La Raza Cósmica-Tecnologia para todos-Paperclip-Caras Inocentes-Apoyo comunitario-Langosta
281,Clara,Morrissey,Rosillo,47,13,Calle:Calle Pitágoras Colonia:Narvarte Poniente Alcaldia:Benito Juárez C.P:03020,Nuevo Amanecer,Viaje en el tiempo-Luciernaga-Conciencia Colectiva-Revolucion Tecnologica-Langosta-CEMEX-Orbia-Saber más-Paperclip-Clonación-Integración Familiar
282,Pedro,Rickles,Morales,58,28,Calle:Anaxágoras Colonia:Narvarte Poniente Alcaldia:Benito Juárez C.P:03020,ONG,Orbia-Sputnik-Tecnologia para todos-Revolucion Tecnologica-TerraMar-Unidad-Ciencia T-Cerebros Exploradores-Teletón-Calidad de vida-Anticorrupcion-Hazlo Posible-Mundo Tecnologico-Don Gato-Apoyo comunitario-Convivencia Internacional-Sembrando Oportunidades-Paperclip-Reconstruccion
283,Enrique,Martínez,O'Brien,56,10,Calle:La Quemada Colonia:Narvarte Oriente Alcaldia:Benito Juárez C.P:03023,Mundo Educa-Fauna,Aprendizaje Dinamico-MAGA-Clonación-Conciencia Colectiva-Caras Inocentes-Club Inclusivo-Mundo Tecnologico-Anticorrupcion
284,Sofia,Brown,Morrissey,20,2,Calle:Petén Colonia:Narvarte Oriente Alcaldia:Benito Juárez C.P:03023,Fauna-Internacional,Pureza-TerraMar
285,Sofia,Sumner,Gómez,39,21,Calle:Baltimore Colonia:Noche Buena Alcaldia:Benito Juárez C.P:03720,Nuevo Rumbo-Cometa-Internacional,Integración Familiar-Calidad de vida-Saber más-Teletón-Caras Inocentes-Anticorrupcion-Club Inclusivo-Orbia-viendo hacia el futuro-Clonación-Aprendizaje Dinamico-Reconstruccion-Don Gato-Unidad-TerraMar-ProTierra-Sputnik
286,Bastian,Rosillo,Jones,61,39,Calle:Hegel Colonia:Polanco V Sección Alcaldia:Miguel Hidalgo C.P:11560,Nuevo Rumbo,Mundo Tecnologico-Rápido y Eficaz-Anticorrupcion-Revolucion Tecnologica-Laguna-Cerebros Exploradores-Clonación-Viaje en el tiempo-Tecnologia para todos-Integración Familiar-Aprendizaje Dinamico-Sembrando Oportunidades-Orbia-ProTierra-Apoyo comunitario-CEMEX-Pureza-Alimentemos al mundo-Unidad-Metro-Paperclip-Teletón-La Raza Cósmica-Luciernaga-Conciencia Colectiva
287,Clara,Michaels,Davis,56,27,Calle:Petrarca Colonia:Polanco V Sección Alcaldia:Miguel Hidalgo C.P:11560,Escuela Global-Internacional-Flora,Viaje en el tiempo-Don Gato-Metro-Pureza-Luciernaga-Rápido y Eficaz-Apoyo comunitario-Calidad de vida-Convivencia Internacional-ProTierra-La Raza Cósmica-Alimentemos al mundo-Paperclip-Integración Familiar-Cerebros Exploradores-Sputnik-Reconstruccion
288,Enrique,Gutiérrez,Xu,40,12,Calle:Temistocles Colonia:Polanco IV Sección Alcaldia:Miguel Hidalgo C.P:11550,Cometa,La Raza Cósmica-Teletón-Conciencia Colectiva-Don Gato-Sembrando Oportunidades-ProTierra-Metro-Caras Inocentes-Revolucion Tecnologica-Vuelo al desarrollo-TerraMar-Hazlo Posible
289,Marco,West,Mao,24,6,Calle:Aristóteles Colonia:Polanco IV Sección Alcaldia:Miguel Hidalgo C.P:11550,Cometa-Fauna,Mundo Tecnologico-Metro-Conciencia Colectiva-Don Gato-Integración Familiar
290,Adrián,Yañes,Michaels,31,9,Calle:Lafontaine Colonia:Polanco III Sección Alcaldia:Miguel Hidalgo C.P:11540,Escuela Global-Vista hacia el futuro,Laguna-Conciencia Colectiva-MAGA-Orbia-Unidad
291,Luis,Jones,Anderson,29,4,Calle:Avenida Horacio Colonia:Polanco III Sección Alcaldia:Miguel Hidalgo C.P:11540,Nuevo Rumbo-Flora-Internacional,Alimentemos al mundo-MAGA
292,Adrián,Rickles,Xu,28,9,Calle:Sófocles Colonia:Polanco II Sección Alcaldia:Miguel Hidalgo C.P:11530,Mundo Educa-Escuela Global-Flora,Calidad de vida-Paperclip-MAGA-viendo hacia el futuro-Laguna-Anticorrupcion
293,Jesica,Palacios,Brown,55,31,Calle:Plinio Colonia:Polanco II Sección Alcaldia:Miguel Hidalgo C.P:11530,Fauna-Flora-Mundo Educa,Paperclip-Mundo Tecnologico-Rápido y Eficaz-viendo hacia el futuro-Teletón-Sembrando Oportunidades-Apoyo comunitario-Metro-Luciernaga-Reconstruccion-Club Inclusivo-Cerebros Exploradores-Clonación-Calidad de vida-La Raza Cósmica-Pureza-CEMEX-Langosta-Anticorrupcion-Integración Familiar-Convivencia Internacional-Aprendizaje Dinamico-Revolucion Tecnologica-Conciencia Colectiva
294,Marisol,Johnson,Ortiz,61,10,Calle:Benito Perez Galdós Colonia:Polanco I Sección Alcaldia:Miguel Hidalgo C.P:11510,Mundo Educa,Langosta-Sembrando Oportunidades-Teletón-Viaje en el tiempo-Luciernaga-Rápido y Eficaz
295,Luis,Rosillo,González,64,13,Calle:Blas Pascal Colonia:Polanco I Sección Alcaldia:Miguel Hidalgo C.P:11510,Vista hacia el futuro,Tecnologia para todos-Clonación-Mundo Tecnologico-Calidad de vida-Alimentemos al mundo-TerraMar-Convivencia Internacional-Rápido y Eficaz-Hazlo Posible-Saber más-CEMEX
296,Luis,Ramírez,Palacios,31,6,Calle:Alpes Colonia:Lomas de Chapultepec Alcaldia:Miguel Hidalgo C.P:11000,Nuevo Amanecer-ONG,Ciencia T-Apoyo comunitario-viendo hacia el futuro
297,Federico,Hernández,Ortiz,32,4,Calle:Monte Everest Colonia:Lomas de Chapultepec Alcaldia:Miguel Hidalgo C.P:11000,Mundo Educa-Escuela Global-Cometa,Langosta-Calidad de vida-ProTierra
298,Rafael,Smith,Villa,26,0,Calle:Sierra Nevada Colonia:Lomas de Chapultepec Alcaldia:Miguel Hidalgo C.P:11000,ONG,El trabajador no tiene ningun proyecto histórico
299,Sofia,Reyes,Rodríguez,18,0,Calle:Monte Himalaya Colonia:Lomas de Chapultepec Alcaldia:Miguel Hidalgo C.P:11000,Escuela Global,El trabajador no tiene ningun proyecto histórico
300,Alejandro,Spilberg,West,56,38,Calle:Sierra Nevada Colonia:Lomas de Chapultepec Alcaldia:Miguel Hidalgo C.P:11000,Mundo Educa-Escuela Global-Vista hacia el futuro,Pureza-Integración Familiar-MAGA-Rápido y Eficaz-Teletón-Ciencia T-Paperclip-Unidad-CEMEX-Conciencia Colectiva-Aprendizaje Dinamico-Alimentemos al mundo-Mundo Tecnologico-Apoyo comunitario-Orbia-viendo hacia el futuro-Hazlo Posible-Laguna-Caras Inocentes-Convivencia Internacional-Cerebros Exploradores-TerraMar-Club Inclusivo-Calidad de vida-Luciernaga-Anticorrupcion-Saber más-Sembrando Oportunidades-La Raza Cósmica-Tecnologia para todos-Langosta
